NO.,DATE,IV No.,PO No.,PC Job,SUPPLIER,ID,qty,UNIT/Price
,1/1/2021,ยกยอด64,,,,ACB70251020,7,75.46
,1/1/2021,ยกยอด64,,,,ACB70251095,2,98
,1/1/2021,ยกยอด64,,,,ACB7025420,31,29.64
,1/1/2021,ยกยอด64,,,,ACB7025495,54,36.75
,1/1/2021,ยกยอด64,,,,ACB7025520,28,41.65
,1/1/2021,ยกยอด64,,,,ACB7025620,64,50
,1/1/2021,ยกยอด64,,,,ACB7025720,34,53.16
,1/1/2021,ยกยอด64,,,,ACB7025820,50,60.025
,1/1/2021,ยกยอด64,,,,ACB7025895,6,66.64
,1/1/2021,ยกยอด64,,,,ACB7025920,28,68.11
,1/1/2021,ยกยอด64,,,,ACB7035790,53,67.13
,1/1/2021,ยกยอด64,,,,ACB7035794,8,56.105
,1/1/2021,ยกยอด64,,,,ACB7035990,41,85.26
,1/1/2021,ยกยอด64,,,,ACB7035994,47,57.82
,1/1/2021,ยกยอด64,,,,ACC500330,2,154.28
,1/1/2021,ยกยอด64,,,,ACC5029,204,10
,1/1/2021,ยกยอด64,,,,ACC503429,222,10
,1/1/2021,ยกยอด64,,,,ACC600330,28,165.09
,1/1/2021,ยกยอด64,,,,ACC707045,6,25
,1/1/2021,ยกยอด64,,,,ACC957045,27,35
,1/1/2021,ยกยอด64,,,,ACL212202440,90,1240
,1/1/2021,ยกยอด64,,,,ACL3012202440,12,1500
,1/1/2021,ยกยอด64,,,,ACL5012202440,27,2480
,1/1/2021,ยกยอด64,,,,ACWT212202440,18,800
,1/1/2021,ยกยอด64,,,,ALZN2012202440,5,2726
,1/1/2021,ยกยอด64,,,,BC5022920,13,29
,1/1/2021,ยกยอด64,,,,BR5012202440,4,3550
,1/1/2021,ยกยอด64,,,,CAB401075,29,36.8
,1/1/2021,ยกยอด64,,,,CAB401175,21,39.79
,1/1/2021,ยกยอด64,,,,CAB401275,20,42.55
,1/1/2021,ยกยอด64,,,,CAB40275,59,9.66
,1/1/2021,ยกยอด64,,,,CAB40325,58,20
,1/1/2021,ยกยอด64,,,,CAB40375,180,13.11
,1/1/2021,ยกยอด64,,,,CAB40475,102,17.25
,1/1/2021,ยกยอด64,,,,CAB40575,50,50
,1/1/2021,ยกยอด64,,,,CAB40675,11,60
,1/1/2021,ยกยอด64,,,,CAB40775,82,90.5
,1/1/2021,ยกยอด64,,,,CAB40875,99,30
,1/1/2021,ยกยอด64,,,,CAB40975,17,33.12
,1/1/2021,ยกยอด64,,,,CAH601075,16,43.7
,1/1/2021,ยกยอด64,,,,CAH601175,21,48.76
,1/1/2021,ยกยอด64,,,,CAH60375,26,16.33
,1/1/2021,ยกยอด64,,,,CAH60475,19,20.24
,1/1/2021,ยกยอด64,,,,CAH60575,67,24.15
,1/1/2021,ยกยอด64,,,,CAH60675,21,28.06
,1/1/2021,ยกยอด64,,,,CAH60775,27,33
,1/1/2021,ยกยอด64,,,,CAH60875,50,35.88
,1/1/2021,ยกยอด64,,,,CAH60975,37,40
,1/1/2021,ยกยอด64,,,,CAP50251000,10,46.7
,1/1/2021,ยกยอด64,,,,CAP5025900,11,34.8
,1/1/2021,ยกยอด64,,,,CAP702549520,43,41.65
,1/1/2021,ยกยอด64,,,,CAP702559520,86,41.65
,1/1/2021,ยกยอด64,,,,CAP702569520,55,32.48
,1/1/2021,ยกยอด64,,,,CAP702579520,1,35.96
,1/1/2021,ยกยอด64,,,,CAP702589520,39,40.83
,1/1/2021,ยกยอด64,,,,CAP702599520,29,45.47
,1/1/2021,ยกยอด64,,,,CBA225220,47,25.75
,1/1/2021,ยกยอด64,,,,CBA275220,28,35.62
,1/1/2021,ยกยอด64,,,,CBA275280,32,97.69
,1/1/2021,ยกยอด64,,,,CBA275330,21,45.08
,1/1/2021,ยกยอด64,,,,CBA325220,68,49
,1/1/2021,ยกยอด64,,,,CBA325280,35,49.77
,1/1/2021,ยกยอด64,,,,CBA325330,8,56.27
,1/1/2021,ยกยอด64,,,,CBA425220,40,50.24
,1/1/2021,ยกยอด64,,,,CBA425280,15,61.37
,1/1/2021,ยกยอด64,,,,CBA425330,49,70.65
,1/1/2021,ยกยอด64,,,,CBA425410,6,82.51
,1/1/2021,ยกยอด64,,,,CBA525220,154,61.35
,1/1/2021,ยกยอด64,,,,CBA525280,24,72.85
,1/1/2021,ยกยอด64,,,,CBA525330,69,90.3
,1/1/2021,ยกยอด64,,,,CBA525380,8,94.47
,1/1/2021,ยกยอด64,,,,CBA525410,17,107.35
,1/1/2021,ยกยอด64,,,,CBA625220,6,72.62
,1/1/2021,ยกยอด64,,,,CBA625280,8,84.58
,1/1/2021,ยกยอด64,,,,CBA625330,41,95.85
,1/1/2021,ยกยอด64,,,,CBA625380,15,107.35
,1/1/2021,ยกยอด64,,,,CBA625410,19,117.7
,1/1/2021,ยกยอด64,,,,CBA725220,26,79.75
,1/1/2021,ยกยอด64,,,,CBA725260,3,91.25
,1/1/2021,ยกยอด64,,,,CBA725280,15,97.69
,1/1/2021,ยกยอด64,,,,CBA725330,17,110.8
,1/1/2021,ยกยอด64,,,,CBA725380,5,122.53
,1/1/2021,ยกยอด64,,,,CBA725410,3,133.8
,1/1/2021,ยกยอด64,,,,CBA825220,15,87.8
,1/1/2021,ยกยอด64,,,,CBA825280,2,109.19
,1/1/2021,ยกยอด64,,,,CBA825330,57,125.29
,1/1/2021,ยกยอด64,,,,CBA825380,1,144.38
,1/1/2021,ยกยอด64,,,,CBA825410,13,149.21
,1/1/2021,ยกยอด64,,,,CBA925220,13,97.46
,1/1/2021,ยกยอด64,,,,CBA925280,8,122.3
,1/1/2021,ยกยอด64,,,,CBA925330,9,139.78
,1/1/2021,ยกยอด64,,,,CBA925380,3,154.04
,1/1/2021,ยกยอด64,,,,CBA925410,10,163.37
,1/1/2021,ยกยอด64,,,,CBB414140,23,38.35
,1/1/2021,ยกยอด64,,,,CBB414170,16,44.1
,1/1/2021,ยกยอด64,,,,CBB514140,17,45.71
,1/1/2021,ยกยอด64,,,,CBB514170,16,52.15
,1/1/2021,ยกยอด64,,,,CBB614140,4,54.15
,1/1/2021,ยกยอด64,,,,CBB614170,11,59.97
,1/1/2021,ยกยอด64,,,,CBB714140,100,60.05
,1/1/21,ยกยอด64,,,,CBB714170,98,68.02
,1/1/21,ยกยอด64,,,,CBB814140,46,70.41
,1/1/21,ยกยอด64,,,,CBB814170,2,76.07
,1/1/21,ยกยอด64,,,,CBB914140,32,71.47
,1/1/21,ยกยอด64,,,,CBB914170,5,85.5
,1/1/21,ยกยอด64,,,,CBC11070,82,13.4
,1/1/21,ยกยอด64,,,,CBC140100,132,17
,1/1/21,ยกยอด64,,,,CBC14080,2,12
,1/1/21,ยกยอด64,,,,CBC15070,76,15.08
,1/1/21,ยกยอด64,,,,CBC170100,6,17.24
,1/1/21,ยกยอด64,,,,CBC17080,21,20.5
,1/1/21,ยกยอด64,,,,CBC200100,55,21.08
,1/1/21,ยกยอด64,,,,CBC20080,14,21.08
,1/1/21,ยกยอด64,,,,CBC220100,29,21.08
,1/1/21,ยกยอด64,,,,CBC260100,33,22
,1/1/21,ยกยอด64,,,,CBC280100,40,24.68
,1/1/21,ยกยอด64,,,,CBC280125,27,29
,1/1/21,ยกยอด64,,,,CBC280140,13,31.4
,1/1/21,ยกยอด64,,,,CBC280160,33,34.52
,1/1/21,ยกยอด64,,,,CBC330100,109,27.8
,1/1/21,ยกยอด64,,,,CBC330140,15,34.28
,1/1/21,ยกยอด64,,,,CBC350100,38,34.28
,1/1/21,ยกยอด64,,,,CBC410100,104,30
,1/1/21,ยกยอด64,,,,CBC410140,1,37.16
,1/1/21,ยกยอด64,,,,CV167510770,1,482
,1/1/21,ยกยอด64,,,,CV187510470,16,550.15
,1/1/21,ยกยอด64,,,,CV187510570,17,557.2
,1/1/21,ยกยอด64,,,,CV187510870,6,897.95
,1/1/21,ยกยอด64,,,,CV187510970,4,963
,1/1/21,ยกยอด64,,,,CV18757700,8,670
,1/1/21,ยกยอด64,,,,CV207500970,2,970.8
,1/1/21,ยกยอด64,,,,CV2075101163,8,1078.9
,1/1/21,ยกยอด64,,,,CV207510370,5,500
,1/1/21,ยกยอด64,,,,CV207510470,20,623
,1/1/21,ยกยอด64,,,,CV207510570,5,694.8
,1/1/21,ยกยอด64,,,,CV207510670,7,717
,1/1/21,ยกยอด64,,,,CV207510870,10,785.15
,1/1/21,ยกยอด64,,,,CV207510970,5,970.8
,1/1/21,ยกยอด64,,,,CV215010870,1,721.7
,1/1/21,ยกยอด64,,,,CV22259700,2,1278.8
,1/1/21,ยกยอด64,,,,CV570157500,3,482
,1/1/21,ยกยอด64,,,,CV770197510,4,963
,1/1/21,ยกยอด64,,,,CV797210110,4,844
,1/1/21,ยกยอด64,,,,CV89721500,1,1200
,1/1/21,ยกยอด64,,,,CV997210110,2,1060.2
,1/1/21,ยกยอด64,,,,CV99721500,1,1300
,1/1/21,ยกยอด64,,,,CV9972250100,5,1278.8
,1/1/21,ยกยอด64,,,,DC50221020,61,32.43
,1/1/21,ยกยอด64,,,,DC50221120,401,38.18
,1/1/21,ยกยอด64,,,,DC50221220,31,40.25
,1/1/21,ยกยอด64,,,,DC5022220,364,10
,1/1/21,ยกยอด64,,,,DC5022270,99,12
,1/1/21,ยกยอด64,,,,DC5022320,748,12.5
,1/1/21,ยกยอด64,,,,DC5022420,1046,17.16
,1/1/21,ยกยอด64,,,,DC5022520,119,20
,1/1/21,ยกยอด64,,,,DC5022620,72,25
,1/1/21,ยกยอด64,,,,DC5022720,21,30
,1/1/21,ยกยอด64,,,,DC5022820,22,26.22
,1/1/21,ยกยอด64,,,,DC5022920,53,55
,1/1/21,ยกยอด64,,,,DC7025520,353,22.57
,1/1/21,ยกยอด64,,,,DC7025620,239,23.89
,1/1/21,ยกยอด64,,,,DC7025720,104,28.76
,1/1/21,ยกยอด64,,,,DC7025820,116,34.56
,1/1/21,ยกยอด64,,,,DC7025920,479,40.5
,1/1/21,ยกยอด64,,,,DCE5040420,18,17.16
,1/1/21,ยกยอด64,,,,DCE5040520,37,25.5
,1/1/21,ยกยอด64,,,,DCE5040620,38,30.5
,1/1/21,ยกยอด64,,,,DCE5040720,30,40
,1/1/21,ยกยอด64,,,,DCE5040820,8,45
,1/1/21,ยกยอด64,,,,DCE5040920,25,55
,1/1/21,ยกยอด64,,,,FC6060420,23,24.36
,1/1/21,ยกยอด64,,,,FC6060520,28,30.24
,1/1/21,ยกยอด64,,,,FC68451020,18,79.135
,1/1/21,ยกยอด64,,,,FC68451120,14,83.055
,1/1/21,ยกยอด64,,,,FC68451220,120,96.775
,1/1/21,ยกยอด64,,,,FC6845200,275,20.33
,1/1/21,ยกยอด64,,,,FC684520320,281,21.8
,1/1/21,ยกยอด64,,,,FC684520420,240,22.36
,1/1/21,ยกยอด64,,,,FC684520520,240,28.76
,1/1/21,ยกยอด64,,,,FC684520620,228,32.48
,1/1/21,ยกยอด64,,,,FC684520720,57,37.52
,1/1/21,ยกยอด64,,,,FC684520920,86,46.4
,1/1/21,ยกยอด64,,,,FC6845210,43,20.82
,1/1/21,ยกยอด64,,,,FC6845220,109,21.81
,1/1/21,ยกยอด64,,,,FC6845258,40,24.99
,1/1/21,ยกยอด64,,,,FC6845260,140,30
,1/1/21,ยกยอด64,,,,FC6845270,32,38.67
,1/1/21,ยกยอด64,,,,FC6845300,68,29.4
,1/1/21,ยกยอด64,,,,FC6845320,76,31.6
,1/1/21,ยกยอด64,,,,FC6845370,47,36.26
,1/1/21,ยกยอด64,,,,FC6845420,90,38.95
,1/1/21,ยกยอด64,,,,FC6845520,131,95
,1/1/21,ยกยอด64,,,,FC6845620,55,52.92
,1/1/21,ยกยอด64,,,,FC6845720,102,100
,1/1/21,ยกยอด64,,,,FC6845725,42,62.96
,1/1/21,ยกยอด64,,,,FC6845820,81,110
,1/1/21,ยกยอด64,,,,FC6845920,60,120
,1/1/21,ยกยอด64,,,,FC6845926,21,79.13
,1/1/21,ยกยอด64,,,,FC80451020,40,90.4
,1/1/21,ยกยอด64,,,,FC80451120,41,99.71
,1/1/21,ยกยอด64,,,,FC8045260,50,29.89
,1/1/21,ยกยอด64,,,,FC8045320,127,30.38
,1/1/21,ยกยอด64,,,,FC8045420,103,43.85
,1/1/21,ยกยอด64,,,,FC8045620,148,54.39
,1/1/21,ยกยอด64,,,,FC8045720,40,62.96
,1/1/21,ยกยอด64,,,,FC8045820,29,74.97
,1/1/21,ยกยอด64,,,,FC8045920,14,120
,1/1/21,ยกยอด64,,,,FCB6845720,3,100
,1/1/21,ยกยอด64,,,,FCC68451020/4,74,79.135
,1/1/21,ยกยอด64,,,,FCC68451120/4,2,83.05
,1/1/21,ยกยอด64,,,,FCC6845520/4,1,38.95
,1/1/21,ยกยอด64,,,,FCC6845620/4,18,52.96
,1/1/21,ยกยอด64,,,,FCC6845720/4,121,100
,1/1/21,ยกยอด64,,,,FCC6845820/4,17,73.99
,1/1/21,ยกยอด64,,,,FCC6845920/4,15,79.13
,1/1/21,ยกยอด64,,,,FCC6845920/4-0,48,79.13
,1/1/21,ยกยอด64,,,,FCV6845720,9,62.96
,1/1/21,ยกยอด64,,,,FCV6845920,18,79.13
,1/1/21,ยกยอด64,,,,FD10006845,53,180
,1/1/21,ยกยอด64,,,,FD11006845,8,185
,1/1/21,ยกยอด64,,,,FD12006845,12,230
,1/1/21,ยกยอด64,,,,FD13006845,89,120
,1/1/21,ยกยอด64,,,,FD4006845,13,50
,1/1/21,ยกยอด64,,,,FD5006845,7,65
,1/1/21,ยกยอด64,,,,FD6006845,98,90.5
,1/1/21,ยกยอด64,,,,FD7006845,1,100
,1/1/21,ยกยอด64,,,,FD8006845,13,150
,1/1/21,ยกยอด64,,,,FD9006845,46,150
,1/1/21,ยกยอด64,,,,FF40192550,50,262.7
,1/1/21,ยกยอด64,,,,FF40212550,73,262.7
,1/1/21,ยกยอด64,,,,FF40227550,51,200.8
,1/1/21,ยกยอด64,,,,FL401020,4,23.63
,1/1/21,ยกยอด64,,,,FL401120,37,25.01
,1/1/21,ยกยอด64,,,,FL40320,17,11.9
,1/1/21,ยกยอด64,,,,FL40420,6,13.51
,1/1/21,ยกยอด64,,,,FL40520,69,15
,1/1/21,ยกยอด64,,,,FL40620,30,16.96
,1/1/21,ยกยอด64,,,,FL40720,28,18.34
,1/1/21,ยกยอด64,,,,FL40820,18,19.95
,1/1/21,ยกยอด64,,,,FL40920,15,21.79
,1/1/21,ยกยอด64,,,,FRIM,3,433.333
,1/1/21,ยกยอด64,,,,FS37502138,51,220
,1/1/21,ยกยอด64,,,,FS385020504,28,41.2
,1/1/21,ยกยอด64,,,,FS40501563,4,136.2
,1/1/21,ยกยอด64,,,,FS40501588,1,136.2
,1/1/21,ยกยอด64,,,,FS40501788,41,284.92
,1/1/21,ยกยอด64,,,,FS40501863,17,160
,1/1/21,ยกยอด64,,,,FS40501963,3,171.6
,1/1/21,ยกยอด64,,,,FS40501988,78,284.92
,1/1/21,ยกยอด64,,,,FS4050201778,58,103.8
,1/1/21,ยกยอด64,,,,FS4050201988,15,118.2
,1/1/21,ยกยอด64,,,,FS40502138,7,220
,1/1/21,ยกยอด64,,,,FS4050301888,2,150
,1/1/21,ยกยอด64,,,,FS53501785,94,156.6
,1/1/21,ยกยอด64,,,,FS53501885,23,150
,1/1/21,ยกยอด64,,,,FS53501985,11,174.6
,1/1/21,ยกยอด64,,,,GLN30190X290,,0
,1/1/21,ยกยอด64,,,,GLN60140x220,1,350
,1/1/21,ยกยอด64,,,,GLN60150X230,10,300
,1/1/21,ยกยอด64,,,,GLN60190X290,25,450
,1/1/21,ยกยอด64,,,,GLN60210x460,1,650
,1/1/21,ยกยอด64,,,,GLN60260x460,2,850
,1/1/21,ยกยอด64,,,,GLS50234X334,9,300
,1/1/21,ยกยอด64,,,,JHH10546835,8,63.08
,1/1/21,ยกยอด64,,,,JHH4546835,26,31.4
,1/1/21,ยกยอด64,,,,JHH5546835,33,35.72
,1/1/21,ยกยอด64,,,,JHH6546835,28,41.24
,1/1/21,ยกยอด64,,,,JHH7046835,10,45.8
,1/1/21,ยกยอด64,,,,JHH7546835,111,57.8
,1/1/21,ยกยอด64,,,,JHH8546835,6,54.96
,1/1/21,ยกยอด64,,,,JHH9546835,1,57.8
,1/1/21,ยกยอด64,,,,JHH5046835,8,30
,1/1/21,ยกยอด64,,,,JJH6532304,14,21.8
,1/1/21,ยกยอด64,,,,JJH6532324,30,23
,1/1/21,ยกยอด64,,,,JJH6532330,14,26.84
,1/1/21,ยกยอด64,,,,JJH6532354,153,24.68
,1/1/21,ยกยอด64,,,,JJH6532404,132,28.04
,1/1/21,ยกยอด64,,,,JJH6532454,131,29.56
,1/1/21,ยกยอด64,,,,JJH6532479,44,33.32
,1/1/21,ยกยอด64,,,,JJH6532504,19,33.56
,1/1/21,ยกยอด64,,,,JJH6532554,91,35.96
,1/1/21,ยกยอด64,,,,JJH6532604,13,39.8
,1/1/21,ยกยอด64,,,,JJH6532629,56,41.24
,1/1/21,ยกยอด64,,,,JJH6532654,77,40.24
,1/1/21,ยกยอด64,,,,JJH6532704,38,44.12
,1/1/21,ยกยอด64,,,,JJH6532754,80,47.96
,1/1/21,ยกยอด64,,,,JJH6532804,5,50.12
,1/1/21,ยกยอด64,,,,JJH6532854,53,53.88
,1/1/21,ยกยอด64,,,,JJH6532904,12,55.88
,1/1/21,ยกยอด64,,,,JJH6532954,42,61.16
,1/1/21,ยกยอด64,,,,JJH6540100,34,10.28
,1/1/21,ยกยอด64,,,,JJH6540250,64,19.88
,1/1/21,ยกยอด64,,,,JJH6540300,32,21.56
,1/1/21,ยกยอด64,,,,JJH6540325,64,23
,1/1/21,ยกยอด64,,,,JJH6540350,152,40
,1/1/21,ยกยอด64,,,,JJJ45321004,27,51.8
,1/1/21,ยกยอด64,,,,JJJ4532204,41,14.6
,1/1/21,ยกยอด64,,,,JJJ4532254,70,15.08
,1/1/21,ยกยอด64,,,,JJJ4532259,87,16.52
,1/1/21,ยกยอด64,,,,JJJ4532274,16,18.2
,1/1/21,ยกยอด64,,,,JJJ4532304,295,19.16
,1/1/21,ยกยอด64,,,,JJJ4532309,144,19.88
,1/1/21,ยกยอด64,,,,JJJ4532354,82,22.04
,1/1/21,ยกยอด64,,,,JJJ4532370,115,18.44
,1/1/21,ยกยอด64,,,,JJJ4532404,63,23.24
,1/1/21,ยกยอด64,,,,JJJ4532409,250,25.88
,1/1/21,ยกยอด64,,,,JJJ4532454,94,25.64
,1/1/21,ยกยอด64,,,,JJJ4532459,80,25.64
,1/1/21,ยกยอด64,,,,JJJ4532479,67,26.84
,1/1/21,ยกยอด64,,,,JJJ4532504,60,26.36
,1/1/21,ยกยอด64,,,,JJJ4532509,83,29
,1/1/21,ยกยอด64,,,,JJJ4532554,117,28.04
,1/1/21,ยกยอด64,,,,JJJ4532604,4,29.24
,1/1/21,ยกยอด64,,,,JJJ4532609,112,24.32
,1/1/21,ยกยอด64,,,,JJJ4532654,12,32.12
,1/1/21,ยกยอด64,,,,JJJ4532659,22,33.08
,1/1/21,ยกยอด64,,,,JJJ4532665,46,32.36
,1/1/21,ยกยอด64,,,,JJJ4532690,52,33.8
,1/1/21,ยกยอด64,,,,JJJ4532704,149,34.28
,1/1/21,ยกยอด64,,,,JJJ4532754,148,40
,1/1/21,ยกยอด64,,,,JJJ4532759,92,34.04
,1/1/21,ยกยอด64,,,,JJJ4532790,84,38.6
,1/1/21,ยกยอด64,,,,JJJ4532804,70,40.52
,1/1/21,ยกยอด64,,,,JJJ4532809,18,33.6
,1/1/21,ยกยอด64,,,,JJJ4532854,92,39.36
,1/1/21,ยกยอด64,,,,JJJ4532904,123,41.48
,1/1/21,ยกยอด64,,,,JJJ4532954,54,45.32
,1/1/21,ยกยอด64,,,,JJJ5032752,22,31.68
,1/1/21,ยกยอด64,,,,JJJ5032852,21,36.55
,1/1/21,ยกยอด64,,,,JJJ5032952,24,38.4
,1/1/21,ยกยอด64,,,,JVB4545035,45,26.36
,1/1/21,ยกยอด64,,,,JVB5545035,36,31.16
,1/1/21,ยกยอด64,,,,JVB7545035T2,136,28.69
,1/1/21,ยกยอด64,,,,JVB7545035T3,29,39.8
,1/1/21,ยกยอด64,,,,JVB9545035T2,13,34.67
,1/1/21,ยกยอด64,,,,JVB9545035T3,262,49.64
,1/1/21,ยกยอด64,,,,LDF1003000,21,226
,1/1/21,ยกยอด64,,,,LDF-90VO-VI,22,100
,1/1/21,ยกยอด64,,,,LDP-SP200X90,62,50
,1/1/21,ยกยอด64,,,,LPP19045,82,20
,1/1/21,ยกยอด64,,,,LPP29045,61,30
,1/1/21,ยกยอด64,,,,LPP401763,1,40
,1/1/21,ยกยอด64,,,,LPP401788,34,50.22
,1/1/21,ยกยอด64,,,,LPP401888,8,58.8
,1/1/21,ยกยอด64,,,,LPP401963,42,45
,1/1/21,ยกยอด64,,,,LPP401988,16,60.72
,1/1/21,ยกยอด64,,,,LPP40390,9,11.27
,1/1/21,ยกยอด64,,,,LPP40790,101,20.82
,1/1/21,ยกยอด64,,,,LPP5030,15,5
,1/1/21,ยกยอด64,,,,LPP7030,108,20
,1/1/21,ยกยอด64,,,,LPPT1.6,13,50
,1/1/21,ยกยอด64,,,,MA495305,24,43.7
,1/1/21,ยกยอด64,,,,MA595305,8,57.5
,1/1/21,ยกยอด64,,,,MA695305,7,67.85
,1/1/21,ยกยอด64,,,,MA795305,25,80.5
,1/1/21,ยกยอด64,,,,MA895305,13,87.17
,1/1/21,ยกยอด64,,,,MA995305,14,97.29
,1/1/21,ยกยอด64,,,,MB495175,9,27.14
,1/1/21,ยกยอด64,,,,MB595175,13,32.2
,1/1/21,ยกยอด64,,,,MB595195,14,32.2
,1/1/21,ยกยอด64,,,,MB695175,7,40.1
,1/1/21,ยกยอด64,,,,MB695195,70,40.1
,1/1/21,ยกยอด64,,,,MB795175,33,60
,1/1/21,ยกยอด64,,,,MB795195,21,44.39
,1/1/21,ยกยอด64,,,,MB895175,16,51.52
,1/1/21,ยกยอด64,,,,MB995175,12,57.27
,1/1/21,ยกยอด64,,,,MB995195,6,57.27
,1/1/21,ยกยอด64,,,,PE220690,9,65.26
,1/1/21,ยกยอด64,,,,PE220700,2,77.91
,1/1/21,ยกยอด64,,,,PE270590,37,64.8
,1/1/21,ยกยอด64,,,,PE270690,32,74
,1/1/21,ยกยอด64,,,,PE295300,30,65.57
,1/1/21,ยกยอด64,,,,PE345300,7,55.6
,1/1/21,ยกยอด64,,,,PE345450,16,60.2
,1/1/21,ยกยอด64,,,,PE345600,9,74
,1/1/21,ยกยอด64,,,,PE345690,11,109.88
,1/1/21,ยกยอด64,,,,PE595200,4,51
,1/1/21,ยกยอด64,,,,PE595300,33,71.7
,1/1/21,ยกยอด64,,,,PE595400,1,109.65
,1/1/21,ยกยอด64,,,,PE795200,10,67.56
,1/1/21,ยกยอด64,,,,PE795300,19,96.31
,1/1/21,ยกยอด64,,,,PE795400,1,142.31
,1/1/21,ยกยอด64,,,,PE995400,10,175.2
,1/1/21,ยกยอด64,,,,PE995540,4,184.17
,1/1/21,ยกยอด64,,,,PK178153,2,20
,1/1/21,ยกยอด64,,,,PK316224,33,50
,1/1/21,ยกยอด64,,,,PK31645,37,50
,1/1/21,ยกยอด64,,,,PVC2012202440,1,1400
,1/1/21,ยกยอด64,,,,RE-M102020408,6,1700
,1/1/21,ยกยอด64,,,,SAL3012202440,5,3300
,1/1/21,ยกยอด64,,,,SAL6012202440,9,6650
,1/1/21,ยกยอด64,,,,SAL6075756000,2,325
,1/1/21,ยกยอด64,,,,SALR2012202440,23,2600
,1/1/21,ยกยอด64,,,,SB0612202440,15,712.5
,1/1/21,ยกยอด64,,,,SEG1012202440,310,1215.76
,1/1/21,ยกยอด64,,,,SEG1212202440,183,1470.56
,1/1/21,ยกยอด64,,,,SEG1612202440,141,1916.2
,1/1/21,ยกยอด64,,,,SEG1612203000,47,2332.2
,1/1/21,ยกยอด64,,,,SEG2012202440,60,2395.12
,1/1/21,ยกยอด64,,,,SEG2012203000,137,2772.42
,1/1/21,ยกยอด64,,,,SEG2312202440,45,2880.36
,1/1/21,ยกยอด64,,,,SEG2312203000,38,3566.16
,1/1/21,ยกยอด64,,,,SEG2612202440,2,2395.12
,1/1/21,ยกยอด64,,,,SEG3012202440,36,3598.4
,1/1/21,ยกยอด64,,,,SEG3012203000,59,4509.44
,1/1/21,ยกยอด64,,,,SF30406000,6,0
,1/1/21,ยกยอด64,,,,SF45406000,6,0
,1/1/21,ยกยอด64,,,,SF45506000,6,0
,1/1/21,ยกยอด64,,,,SF90406000,2,0
,1/1/21,ยกยอด64,,,,SGI1212202440,3,1199.7
,1/1/21,ยกยอด64,,,,SGI1512202440,9,1522.2
,1/1/21,ยกยอด64,,,,SGI2012202440,16,1155
,1/1/21,ยกยอด64,,,,SGI3012202440,15,2350
,1/1/21,ยกยอด64,,,,SHB601001006000,9,246.6666
,1/1/21,ยกยอด64,,,,SI702001006000,6,724.166
,1/1/21,ยกยอด64,,,,SK10226000,25,17.5
,1/1/21,ยกยอด64,,,,SK12126000,1.9,15
,1/1/21,ยกยอด64,,,,SK12256000,36,35.83333333
,1/1/21,ยกยอด64,,,,SK12506000,168,183.33333
,1/1/21,ยกยอด64,,,,SK16206000,6,30
,1/1/21,ยกยอด64,,,,SK16256000,38,50
,1/1/21,ยกยอด64,,,,SK20256000,5,38.33
,1/1/21,ยกยอด64,,,,SK23100506000,6,96.6666
,1/1/21,ยกยอด64,,,,SK231006000,24,258.3333333
,1/1/21,ยกยอด64,,,,SK2350256000,3,75
,1/1/21,ยกยอด64,,,,SK2375506000,6,113.33
,1/1/21,ยกยอด64,,,,SK23756000,36,198.3333333
,1/1/21,ยกยอด64,,,,SK32100506000,3,130
,1/1/21,ยกยอด64,,,,SK321006000,1,138.33
,1/1/21,ยกยอด64,,,,SK321501506000,0.8,366.66
,1/1/21,ยกยอด64,,,,SK32506000,31.1,166.67
,1/1/21,ยกยอด64,,,,SKGI12406000,6,36.0516
,1/1/21,ยกยอด64,,,,SL30256000,9,40
,1/1/21,ยกยอด64,,,,SL30406000,141,58.33333333
,1/1/21,ยกยอด64,,,,SL30506000,62,46.6667
,1/1/21,ยกยอด64,,,,SL40406000,16,64.16666667
,1/1/21,ยกยอด64,,,,SL50406000,190,80.83333333
,1/1/21,ยกยอด64,,,,SL50506000,65,112.5
,1/1/21,ยกยอด64,,,,SL701006000,3,200
,1/1/21,ยกยอด64,,,,SL80656000,3.8,161.6667
,1/1/21,ยกยอด64,,,,SO08226000,18,10.83333
,1/1/21,ยกยอด64,,,,SO201006000,4,0
,1/1/21,ยกยอด64,,,,SO20306000,23,0
,1/1/21,ยกยอด64,,,,SO301006000,4,0
,1/1/21,ยกยอด64,,,,SOA28206000,25,93.3333
,1/1/21,ยกยอด64,,,,SOA50656000,3,383.3333333
,1/1/21,ยกยอด64,,,,SPC0812202440,6,457.33
,1/1/21,ยกยอด64,,,,SPC1012202440,177,899.745
,1/1/21,ยกยอด64,,,,SPC1212202440,106,1082.62
,1/1/21,ยกยอด64,,,,SPC1606292142,63,639.2941176
,1/1/21,ยกยอด64,,,,SPC1607292142,107,758.5882353
,1/1/21,ยกยอด64,,,,SPC1608292142,73,864.1176471
,1/1/21,ยกยอด64,,,,SPC1609292142,47,560.25
,1/1/21,ยกยอด64,,,,SPC1612202440,183,1564.345
,1/1/21,ยกยอด64,,,,SPC1612203000,131,1763.3
,1/1/21,ยกยอด64,,,,SPC2012202440,188,1808.856
,1/1/21,ยกยอด64,,,,SPC2012203000,75,2222.464
,1/1/21,ยกยอด64,,,,SPC2312202440,131,2082.6
,1/1/21,ยกยอด64,,,,SPC3012202440,129,2815.56
,1/1/21,ยกยอด64,,,,SPC3212202440,4,2954.6
,1/1/21,ยกยอด64,,,,SPC-SILICON,24,327.6
,1/1/21,ยกยอด64,,,,SPH2012203000,62,1140
,1/1/21,ยกยอด64,,,,SPH2015253050,28,2670
,1/1/21,ยกยอด64,,,,SPH2315253050,15,2195
,1/1/21,ยกยอด64,,,,SPH3012202440,3,1680
,1/1/21,ยกยอด64,,,,SPH3015253050,61,4065
,1/1/21,ยกยอด64,,,,SPH6012202440,3,5110
,1/1/21,ยกยอด64,,,,SPH9012202440,1,7350
,1/1/21,ยกยอด64,,,,SR504000,15,7.25
,1/1/21,ยกยอด64,,,,SR804000,316,20
,1/1/21,ยกยอด64,,,,SU26000,36,135
,1/1/21,ยกยอด64,,,,SU36000,156,215
,1/1/21,ยกยอด64,,,,SU46000,194,290
,1/1/21,ยกยอด64,,,,SU56000,15,350
,1/1/21,ยกยอด64,,,,SU86000,3,783.3333333
,1/1/21,ยกยอด64,,,,SUS0812202440,12,2155
,1/1/21,ยกยอด64,,,,SUS1212202440,34,2920
,1/1/21,ยกยอด64,,,,SUS1512202440,37,4000
,1/1/21,ยกยอด64,,,,SUS2012202440,34,3560
,1/1/21,ยกยอด64,,,,SUS3012202440,2,8100
,1/1/21,ยกยอด64,,,,SUS9012202440,1,13600
,1/1/21,ยกยอด64,,,,SUSB0712202440,1,2429
,1/1/21,ยกยอด64,,,,SUSF3026000,4,0
,1/1/21,ยกยอด64,,,,SUSF5026000,6,0
,1/1/21,ยกยอด64,,,,SUSF601006000,6,333.3333
,1/1/21,ยกยอด64,,,,SUSK12506000,6,183.33333
,1/1/21,ยกยอด64,,,,SUSL30306000,50,112.5
,1/1/21,ยกยอด64,,,,SUSL30406000,2.3,225
,1/1/21,ยกยอด64,,,,SUSL30506000,9,211.66
,1/1/21,ยกยอด64,,,,SUSL50506000,2,88.33
,1/1/21,ยกยอด64,,,,SUSL60506000,42,533.3333333
,1/1/21,ยกยอด64,,,,SUSL90756000,24,1236.67
,1/1/21,ยกยอด64,,,,SUSO20406000,1.5,147.5
,1/1/21,ยกยอด64,,,,SUSR126000,5,76.6666
,1/1/21,ยกยอด64,,,,SUSR206000,1.9,0
,1/1/21,ยกยอด64,,,,SUSR406000,3,0
,1/1/21,ยกยอด64,,,,SUSR606000,27,20
,1/1/21,ยกยอด64,,,,SUSR806000,12,63.33333333
,1/1/21,ยกยอด64,,,,TER150X197/4,44,40.5
,1/1/21,ยกยอด64,,,,Z601095,2,30
,1/1/21,ยกยอด64,,,,Z601195,124,33.81
,1/1/21,ยกยอด64,,,,Z60395,83,8.28
,1/1/21,ยกยอด64,,,,Z60495,60,15
,1/1/21,ยกยอด64,,,,Z60595,466,16.1
,1/1/21,ยกยอด64,,,,Z60695,141,20
,1/1/21,ยกยอด64,,,,Z60795,898,19.09
,1/1/21,ยกยอด64,,,,Z60895,49,25
,1/1/21,ยกยอด64,,,,Z60995,53,23
,1/1/21,ยกยอด64,,,,ค่าแก้มุม,1,300
,1/1/21,ยกยอด64,,,,SK10126000,34,25
,1/1/21,ยกยอด64,,,,SUSHL1512202440,24,2865
,1/1/21,ยกยอด64,,,,SAL50506000,6,216.666
,1/1/21,ยกยอด64,,,,CV20754700,10,623
,1/1/21,ยกยอด64,,,,SK07126000,23,13.66666667
,1/1/21,ยกยอด64,,,,SGI0512202440,27,50864
,1/1/21,ยกยอด64,,,,SO32506000,2,131.6666667
,1/1/21,ยกยอด64,,,,SK09126000,15,16.66666667
,1/1/21,ยกยอด64,,,,SK15406000,9,66.66666667
,1/1/21,ยกยอด64,,,,SK14306000,144,45
,1/1/21,ยกยอด64,,,,SKGI14406000,96,65
,1/1/21,ยกยอด64,,,,SK10206000,20,29.16666667
,1/1/21,ยกยอด64,,,,SK15256000,3,46.66666667
,1/1/21,ยกยอด64,,,,SO35406000,4.9,158.3333333
,1/1/21,ยกยอด64,,,,GL3092x132,2,25
,1/1/21,ยกยอด64,,,,GLN60262x362,,0
,1/1/21,ยกยอด64,,,,SK1250-256000,18,64.16
,1/1/21,ยกยอด64,,,,SK16406000,134,68.33333333
,1/1/21,ยกยอด64,,,,ACL4768531910,56,1150
,1/1/21,ยกยอด64,,,,GLN60312x452,2,900
,1/1/21,ยกยอด64,,,,GL30252x1672,3,150
,1/1/21,ยกยอด64,,,,SUS0812202440#430,2,1800
,1/1/21,ยกยอด64,,,,SPH4512202440,1,3792
,5/1/22,ST640170,,STOCK-PC,PC,DC5022720,131,30
,5/1/22,ST640153,,STOCK-PC,PC,CBA725280,15,100
,5/1/22,ST640137,,STOCK-PC,PC,FD8006845,80,150
,27/12/21,415/20744,6501000124,642099,ธ.รุ่งเกียรติ,GL30132x132,9,25
,8/1/22,415/20749,6501000124,642139,ธ.รุ่งเกียรติ,GL50412x912,2,158
,11/1/22,417/20803,6501000124,650014,ธ.รุ่งเกียรติ,GL50242x412,1,53
,11/1/22,417/20802,6501000124,650012,ธ.รุ่งเกียรติ,GL50242x412,1,53
,11/1/22,417/20801,6501000124,650007,ธ.รุ่งเกียรติ,GL50362x592,1,105
,12/1/22,417/20804,6501000124,650008,ธ.รุ่งเกียรติ,GL30112x162,1,25
,12/1/22,417/20805,6501000125,650008,ธ.รุ่งเกียรติ,GL50262x317,1,53
,12/1/22,417/20805,6501000125,650008,ธ.รุ่งเกียรติ,GL50262x662,1,130
,12/1/22,417/20805,6501000125,650008,ธ.รุ่งเกียรติ,GL50262x612,1,130
,18/1/22,417/20809,6501000125,650048,ธ.รุ่งเกียรติ,GL30112x272,2,25
,18/1/22,417/20810,6501000125,650045,ธ.รุ่งเกียรติ,GL50512x1112,1,280
,18/1/22,417/20810,6501000125,650045,ธ.รุ่งเกียรติ,GL50312x1112,1,150
,18/1/22,417/20811,6501000125,650046,ธ.รุ่งเกียรติ,GL50412x412,1,78
,18/1/22,417/20811,6501000125,650046,ธ.รุ่งเกียรติ,GL50412x812,1,158
,20/1/22,417/20812,6501000125,650047,ธ.รุ่งเกียรติ,GL50412x412,1,78
,20/1/22,417/20812,6501000125,650047,ธ.รุ่งเกียรติ,GL50412x812,1,158
,8/1/22,IV65-01-044,6501000034,Stock,บูลกิจ,PVC2012202440,10,"  1,500.00 "
,10/1/22,WS6501108,6501000035,642139/STOCK,วนวัฒน์,SUSL30406000,30,  265.00 
,7/1/22,011/00526,,642115,ทีกระจกไทย,GLN60262x362,18,  800.00 
,12/1/22,ST640149,,STOCK-PC,PC,Z60895,71,  25.00 
,12/1/22,ST640155,,STOCK-PC,PC,CBC220100,57,  21.08 
,12/1/22,ST640155,,STOCK-PC,PC,CBC17080,73,  20.50 
,12/1/22,ST640055,,STOCK-PC,PC,PK316224,42,  50.00 
,12/1/22,ST640138,,STOCK-PC,PC,FC6845520,179,  95.00 
,12/1/22,ST640138,,STOCK-PC,PC,FC6845620,50,  98.00 
,12/1/22,ST640091,,STOCK-PC,PC,FC6845720,16,  100.00 
,12/1/22,ST640087,,STOCK-PC,PC,CAB40675,48,  60.00 
,12/1/22,ST640169,,STOCK-PC,PC,DC5022920,49,  55.00 
,12/1/22,ST640163,,STOCK-PC,PC,DC5022620,20,  25.00 
,12/1/22,ST640164,,STOCK-PC,PC,FL40920,38,  21.79 
,12/1/22,ST640131,,STOCK-PC,PC,FS40501988,9,  284.92 
,12/1/22,ST640135,,STOCK-PC,PC,FF40212550,36,  262.70 
,13/1/22,ST640147,,STOCK-PC,PC,Z60495,6,  15.00 
,12/1/22,ST265000,,STOCK-PC,PC,CV207510770,4,"  1,300.00 "
,12/1/22,ST265000,,STOCK-PC,PC,FC6845260,8,  30.00 
,12/1/22,ST265000,,STOCK-PC,PC,FC6845320,5,  31.00 
,12/1/22,ST265000,,STOCK-PC,PC,FC68451020,5,  120.00 
,12/1/22,ST265000,,STOCK-PC,PC,FC8045520,3,  45.00 
,12/1/22,ST265000,,STOCK-PC,PC,ACC500500,2,  150.00 
,15/1/22,ST650004,,STOCK-PC,PC,JJJ4532604,196,  40.00 
,17/1/22,ST650010,,STOCK-PC,PC,JJJ4532654,186,  45.00 
,17/1/22,ST650012,,STOCK-PC,PC,LPP7030,182,  20.00 
,17/1/22,ST650003,,STOCK-PC,PC,JJH6532804,102,  55.00 
,19/1/22,ST650006,,STOCK-PC,PC,CAB40975,45,  40.00 
,22/1/22,ST265000,,STOCK-PC,PC,FC6845470,12,  40.00 
,22/1/22,ST265000,,STOCK-PC,PC,FC6845570,4,  95.00 
,22/1/22,ST265000,,STOCK-PC,PC,FC6845650,7,  98.00 
,22/1/22,ST265000,,STOCK-PC,PC,FCC6845650/4,6,  98.00 
,24/1/22,ST265000,,STOCK-PC,PC,FD7006845,14,  100.00 
,25/1/22,ST650005,,STOCK-PC,PC,CAP702579520,30,  50.50 
,22/1/22,011/00528,6501000144,650048,ที กระจกไทย,GLN60232x332,2,  750.00 
,22/1/22,417/20813,6502000189,650051,ธ.รุ่งเกียรติ,GL50532x1012,1,  245.00 
,24/1/22,417/20816,6502000189,650096,ธ.รุ่งเกียรติ,GL50452x767,2,  158.00 
,24/1/22,417/20817,6502000189,650062,ธ.รุ่งเกียรติ,GL50292x537,1,  70.00 
,25/1/22,417/20818,6502000189,650090,ธ.รุ่งเกียรติ,GL30142x212,1,  25.00 
,26/1/22,417/20819,6502000189,650063,ธ.รุ่งเกียรติ,GL30152x537,1,  50.00 
,27/1/22,417/20823,6502000189,650109,ธ.รุ่งเกียรติ,GL30182x207,4,  25.00 
,27/1/22,417/20825,6502000189,650085,ธ.รุ่งเกียรติ,GL50502x932,1,  245.00 
,27/1/22,417/20827,6502000189,650105,ธ.รุ่งเกียรติ,GL50462x792,1,  210.00 
,27/1/22,417/20824,6502000189,650023,ธ.รุ่งเกียรติ,GL50452x562,2,  105.00 
,4/2/22,419/20904,6502000189,650132,ธ.รุ่งเกียรติ,GL50412x512,1,  105.00 
,26/1/22,3600038184,6501000136,Stock,ทีเอ็มที สตีล,SPH4515253050,5,"  5,390.00 "
,28/1/22,011/00531,6501000152,650053,ที กระจกไทย,GLN60232x392,4,  850.00 
,1/2/22,N65/001181,6501000097,Stock,เอ็น.เอช.เค. สตีล,SPC1612202440,200,"  1,359.26 "
,1/2/22,IV2200277,6501000132,Stock,ก.ธนวัฒน์ ,SL30406000,300,  53.33 
,1/2/22,IV2200277,6501000132,Stock,ก.ธนวัฒน์ ,SL50406000,300,  80.00 
,1/2/22,IV2200277,6501000132,Stock,ก.ธนวัฒน์ ,SL50506000,300,  107.50 
,1/2/22,IV2200276,6501000143,Stock,ก.ธนวัฒน์ ,SPH3215253050,100,"  3,809.00 "
,2/2/22,ST650013,,STOCK-PC,PC,FF40192550,90,  262.70 
,3/2/22,ST650014,,STOCK-PC,PC,FS40501788,45,  284.92 
,4/2/22,ST650021,,STOCK-PC,PC,JJH6532504,125,  33.56 
,4/2/22,ST650021,,STOCK-PC,PC,JJJ4532554,20,  28.04 
,4/2/22,IV6500259,6502000173,STOCK ,กิ้มเฮงเชียง ,SAL6012202440,20,"  6,850.00 "
,4/2/22,IV6500259,6502000173,STOCK ,กิ้มเฮงเชียง ,SAL3012202440,20,"  3,350.00 "
,3/2/22,WS6502043,6502000172,650061/Stock,วนวัฒน์,SPHXS3312202440,1,"  1,400.00 "
,1/2/22,N65/001224,6501000097,Stock,เอ็น.เอช.เค. สตีล,SPC2012202440,300,"  1,715.86 "
,1/2/22,N65/001223,6501000097,Stock,เอ็น.เอช.เค. สตีล,SEG2012202440,200,"  2,119.68 "
,5/2/22,ST650019,,STOCK-PC,PC,CV207510770,15,"  1,300.00 "
,8/2/22,ST650017,,STOCK-PC,PC,DC5022820,75,  40.00 
,7/2/22,IV650000113,6502000176,Stock,อุดมกิจ ฟิตติ้ง,API28206000,36,  54.67 
,1/2/22,035260,6502000167,650085,สยามสตีล กัลวาไนซิ่ง,HDJ650085,1,"  1,000.00 "
,8/2/22,419/20907,6503000393,650141,ธ.รุ่งเกียรติ,GL50662x732,1,  263.00 
,8/2/22,419/20908,6503000393,650137,ธ.รุ่งเกียรติ,GL50312x592,1,  105.00 
,11/2/22,419/20913,6503000393,650184,ธ.รุ่งเกียรติ,GL50620x825,1,  263.00 
,18/2/22,419/20916,6503000393,650135,ธ.รุ่งเกียรติ,GL50312x512,1,  105.00 
,18/2/22,419/20916,6503000393,650135,ธ.รุ่งเกียรติ,GL50232x512,1,  70.00 
,,,,,,,,
,10/2/22,IV2200365,6502000194,Stock,ก.ธนวัฒน์,SU36000,300,  203.33 
,14/2/22,ST650007,,STOCK-PC,PC,CBB614140,33,  55.00 
,14/2/22,ST650008,,STOCK-PC,PC,CBB814170,15,  80.00 
,17/2/22,ST265000,,STOCK-PC,PC,LPP5030,140,  5.00 
,17/2/22,ST265000,,STOCK-PC,PC,FD4006845,66,  50.00 
,15/2/22,WS6502236,6502000223,Stock,วนวัฒน์ สแตนเลส,SL30256000,60,  40.00 
,9/2/22,011/00535,6502000243,650146,ที กระจกไทย,GLN60162x242,8,  350.00 
,17/2/22,011/00537,6502000241,650201,ที กระจกไทย,GLN60152x232,4,  300.00 
,9/2/22,011/00535,6502000243,650162,ที กระจกไทย,GLN60192x472,2,  800.00 
,12/2/22,011/00538,6502000239,650173,ที กระจกไทย,GLN60190x290,7,  450.00 
,9/2/22,011/00535,6502000243,650154,ที กระจกไทย,GLN60152x232,2,  300.00 
,19/2/22,ST650011,,STOCK-PC,PC,FL401020,45,  30.00 
,28/2/22,ST650027,,STOCK-PC,PC,FF40212550,119,  350.00 
,28/2/22,ST650028,,STOCK-PC,PC,PK316224,50,  50.00 
,28/2/22,ST650000,,STOCK-PC,PC,ACC503429,449,  10.00 
,28/2/22,011/00545,,650254,ที กระจกไทย,GLN60162x242,4,  350.00 
,28/2/22,011/00545,,650253,ที กระจกไทย,GLN60306x346,1,  850.00 
,1/3/22,N65/002366,6502000274,STOCK,เอ็น.เอช.เค. สตีล,SPC2012202440,150,"  1,667.80 "
,1/3/22,N65/002366,6502000274,STOCK,เอ็น.เอช.เค. สตีล,SPC3012202440,100,"  2,601.00 "
,1/3/22,TD2203/016,6502000277,STOCK,ทรีนิตี้,SAL3012202440,20,"  3,200.00 "
,1/3/22,IV6503003,6502000285,650255,พร สตีล,SR126000,12,  40.00 
,1/3/22,IV6503002,6502000275,STOCK,พร สตีล,SR804000,400,  21.25 
,1/3/22,IV6503002,6502000275,STOCK,พร สตีล,SUSR806000,30,  63.33 
,2/3/22,011/00547,,650267,ที กระจกไทย,GLN60162x262,2,  400.00 
,2/3/22,011/00547,,650244,ที กระจกไทย,GL30462x662,1,  140.00 
,2/3/22,011/00547,,650237,ที กระจกไทย,GL30142x212,1,  35.00 
,2/3/22,011/00547,,650243,ที กระจกไทย,GL50392x702,1,  180.00 
,1/3/22,IV6503004,6502000268,Stock,ชินโชริ,BR5012202440,5,"  3,550.00 "
,4/3/22,TD2203/047,650200286,650166/VPT,ทรีนิตี้,SAL6075756000,120,  410.83 
,4/3/22,TD2203/047,650200286,650166/VPT,ทรีนิตี้,SAL3012202440H32,20,"  3,905.00 "
,4/3/22,ST650028,,STOCK-PC,PC,PK316224,38,  50.00 
,1/3/22,011/00547,,650249,ที กระจกไทย,GL30162x162,6,  20.00 
,1/3/22,011/00548,,650222,ที กระจกไทย,GL50492x637,4,  190.00 
,5/3/22,IV6503066,6503000315,ทำคอกรถพีซี,พรสตีล,SO28256000,36,  81.67 
,7/3/22,ST265000,R650003,STOCK-PC,PC,JJH6532504,17,  36.32 
,7/3/22,ST265000,R650003,STOCK-PC,PC,JJJ4532604,4,  34.28 
,7/3/22,ST265000,R650003,STOCK-PC,PC,JJJ4532704,5,  40.00 
,7/3/22,ST265000,R650003,STOCK-PC,PC,JJH6532804,6,  55.00 
,7/3/22,ST265000,R650003,STOCK-PC,PC,Z60995,21,  25.00 
,7/3/22,ST265000,R650003,STOCK-PC,PC,DC5022620,4,  23.89 
,7/3/22,ST265000,R650003,STOCK-PC,PC,DCE5040620,1,  30.50 
,7/3/22,ST265000,R650003,STOCK-PC,PC,FCB6845820,21,  110.00 
,4/3/22,20919,6503000393,650246,ธ.รุ่งเกียรติ,GL50362x512,1,  105.00 
,4/3/22,20918,6503000393,650291,ธ.รุ่งเกียรติ,GL50462x872,1,  210.00 
,4/3/22,20920,6503000393,650245,ธ.รุ่งเกียรติ,GL30412x862,1,  113.00 
,7/3/22,N65/002656,6502000274,Stock,เอ็น.เอช.เค. สตีล,SPC2012202440,50,"  1,669.71 "
,8/3/22,ST650029,,STOCK-PC,PC,FD8006845,120,  150.00 
,8/3/22,ST650029,,STOCK-PC,PC,FD6006845,85,  90.50 
,8/3/22,ST650029,,STOCK-PC,PC,FD4006845,16,  50.00 
,1/3/22,00547,,650238,ที กระจกไทย,GLN60212x462,1,  700.00 
,10/3/22,ST650018,,STOCK-PC,PC,CV207510570,15,  850.00 
,10/3/22,20928,6503000393,650222,ธ.รุ่งเกียรติ,GL50292x579,4,  70.00 
,3/9/22,20927,6503000393,650217,ธ.รุ่งเกียรติ,GL50212x612,2,  88.00 
,9/3/22,20927,6503000393,650217,ธ.รุ่งเกียรติ,GL50312x387,2,  79.00 
,3/8/22,20925,6503000393,650247,ธ.รุ่งเกียรติ,GL50412x512,1,  105.00 
,8/3/22,20926,6503000393,650248,ธ.รุ่งเกียรติ,GL50412x512,1,  105.00 
,8/3/22,20924,6503000393,650304,ธ.รุ่งเกียรติ,GL50402x568,1,  105.00 
,12/3/22,ST650025,,STOCK-PC,PC,FC6845720,54,  100.50 
,12/3/22,ST650015,,STOCK-PC,PC,FC6845270,54,  45.50 
,12/3/22,ST650016,,STOCK-PC,PC,FC6845620,200,  98.50 
,12/3/22,ST650020,,STOCK-PC,PC,FC6845920,100,  120.00 