NO.,CODE,GROUP,LIST,BRAND,HI,WEIGHT KG,GROUP,
1,ACB70251020,PART,คานตัวC 70x25T3.0x1020,,EA,3.08,wire,สายไฟ
2,ACB70251095,PART,คานตัวC 70x25T3.01095,,EA,1.21,ACC,ชิ้นส่วน
3,ACB7025420,PART,คานตัวC 70x25T3.0x420,,EA,1.5,Support,ลูกถ้วย&Support
4,ACB7025495,PART,คานตัวC 70x25T3.0x495,,EA,1.78,Key,กุญแจ
5,ACB7025520,PART,คานตัวC 70x25T3.0x520,,EA,1.8,KG.,\
6,ACB7025620,PART,คานตัวC 70x25T3.0x620,,EA,2.17,น้ำหนักต่อชิ้น,
7,ACB7025720,PART,คานตัวC 70x25T3.0x720,,EA,2.17,,
8,ACB7025790,PART,คานตัวC 70x25T3.0x790,,EA,2.3,,
9,ACB7025795,PART,คานตัวC 70x25T3.0x795,,EA,2.38,,
10,ACB7025820,PART,คานตัวC 70x25T3.0x820,,EA,2.45,,
11,ACB7025895,PART,คานตัวC 70x25T3.0x895,,EA,2.72,,
12,ACB7025920,PART,คานตัวC 70x25T3.0x920,,EA,2.78,,
13,ACB7035790,PART,คานตัวC 70x35T3.0x790,,EA,2.74,,
14,ACB7035794,PART,คานตัวC 70x35T3.0x794,,EA,2.29,,
15,ACB7035990,PART,คานตัวC 70x35T3.0x990,,EA,3.48,,
16,ACB7035994,PART,คานตัวC 70x35T3.0x994,,EA,2.9,,
17,ACC500330,PART,ชุดฝากันระเบิด500X330,,EA,2.36,,
18,ACC500500,PART,ชุดฝากันระเบิด 500x500,,EA,3.7,,
19,ACC5029,PART,ฉากตัวL รับแผ่นกั้น50x29,,EA,0.04,,
20,ACC503429,PART,ฉากตัวZ รับแผ่นกั้น50x34x29,,EA,0.06,,
21,ACC600330,PART,ชุดฝากันระเบิด 600x330,,EA,2.83,,
22,ACC600500,PART,ชุดฝากันระเบิด 600x500,,EA,4.27,,
23,ACC707045,PART,ฉากสามเหลี่ยม70x70x45,,EA,0.22,,
24,ACC907045,PART,ฉากสามเหลี่ยม90x70x45,,EA,0,,
25,ACC957045,PART,ฉากสามเหลี่ยม95x70x45,,EA,0.29,,
26,ACL0348521,PART,แผ่นอะคริลิคสีชาใส 4'x8' T3.0mm #521,,แผ่น,,,
27,ACL104451134,MAT ST,แผ่นอะคริลิคใส 445x1134 T10.0,,แผ่น,,,
28,ACL212202440,MAT ST,แผ่นอคิลิคใส 4'x8' T2.0,,แผ่น,,,
29,ACL3012202440,PART,อคิลิคใส 4x8 T3.0,,แผ่น,,,
30,ACL307001200,PART,แผ่นอะคริลิคขาวขุ่น 700x1200mm T3.0mm,,แผ่น,,,
31,ACL4768531910,PART,แผ่นอะคิลิค 853x1910 T4.76,,แผ่น,,,
32,ACL5012202440,PART,แผ่นอะคิลิค4x8..T5.0,,แผ่น,,,
33,AC-TB146136,PART,ขายึดเทอมีนอล146x136,,EA,0.22,,
34,ACWT212202440,,แผ่นอะคริลิค  ฮิพ/ สีขาว 1220x2440 หนา 2.0มิล ,,แผ่น,,,
35,ALZN1512202440,,อลูซิงค์ ขนาด 4'x8' T1.5mm,,แผ่น,,,
36,ALZN2012202440,,อลูซิงค์ ขนาด 4'x8' T2.0mm,,แผ่น,,,
37,BC5022920,PART,คานฝาหน้ารูพิเศษ 50x22x920,,EA,1.61,,
38,BR10100100,MAT ST,แผ่นเบกไลท์ 100x100T10,,EA,,,
39,BR1012202440,PART,แผ่นเบกไลท์1220x2440T10,,EA,,,
40,BR1501400338,PART,แผ่นเบกไลท์ 140x338 T15,,EA,,,
41,BR5012202440,PART,แผ่นเบกไลท์ 1220x2440T5.0,ชินโชริ,แผ่น,,,
42,BR606101220,,แผ่นทองเหลือง 2'x4' T.6.0,,แผ่น,,,
43,BR8012202440,,แบกกาไลท์ 4'x8' T8.0mm,,แผ่น,,,
44,CAB401075,PART,หมวกตู้ 40x1075,,EA,1.6,,
45,CAB401175,PART,หมวกตู้ 40x1175,,EA,1.73,,
46,CAB401275,PART,หมวกตู้40x1275,,EA,1.85,,
47,CAB40275,PART,หมวกตู้ 40x275,,EA,0.42,,
48,CAB40325,PART,หมวกตู้ 40x325,,EA,0.53,,
49,CAB40375,PART,หมวกตู้ 40x375,,EA,0.57,,
50,CAB40475,PART,หมวกตู้ 40x475,,EA,1.75,,
51,CAB40575,PART,หมวกตู้ 40x575,,EA,0.87,,
52,CAB40675,PART,หมวกตู้ 40x675,,EA,1.01,,
53,CAB40775,PART,หมวกตู้ 40x775,,EA,1.17,,
54,CAB40875,PART,หมวกตู้ 40x875,,EA,1.3,,
55,CAB40975,PART,หมวกตู้ 40x975,,EA,1.44,,
56,CAH601075,PART,หมวกตู้ 60x1075,,EA,1.9,,
57,CAH601175,PART,หมวกตู้ 60x1175,,EA,2.12,,
58,CAH60375,PART,หมวกตู้ 60x375,,EA,0.71,,
59,CAH60475,PART,หมวกตู้ 60x475,,EA,0.88,,
60,CAH60575,PART,หมวกตู้ 60x575,,EA,1.05,,
61,CAH60675,PART,หมวกตู้ 60x675,,EA,1.22,,
62,CAH60775,PART,หมวกตู้ 60x775,,EA,1.4,,
63,CAH60875,PART,หมวกตู้ 60x875,,EA,1.56,,
64,CAH60975,PART,หมวกตู้ 60x975,,EA,1.71,,
65,CAP50251000,PART,คานตัวC 50x25T2.0x1000,,EA,1.67,,
66,CAP5025595,PART,คานตัวC 50x25T2.0x595,,EA,0,,
67,CAP5025695,PART,คานตัวC 50x25T2.0x695,,EA,0,,
68,CAP5025795,PART,คานตัวC 50x25T2.0x795,,EA,1.31,,
69,CAP5025895,PART,คานตัวC 50x25T2.0x895,,EA,0,,
70,CAP5025900,PART,คานตัวC 50x25T2.0x900,,EA,1.5,,
71,CAP5025995,PART,คานตัวC 50x25T2.0x995,,EA,0,,
72,CAP702549520,PART,คานตัวC 70x25T2.0x495,,EA,0.97,,
73,CAP702559520,PART,คานตัวC 70x25T2.0x595,,EA,1.17,,
74,CAP702569520,PART,คานตัวC 70x25T.2.0x695,,EA,1.4,,
75,CAP702579520,PART,คานตัวC70x25T.2.0X795,,EA,1.55,,
76,CAP702589520,PART,คานตัวC70X25T2.0X895,,EA,1.76,,
77,CAP702599520,PART,คานตัวC 70x25T2.0x995,,EA,1.96,,
78,CBA225220,PART,เพลทเบรกเกอร์ 225x220,,EA,1.11,,
79,CBA275170,PART,เพลทเบกเกอร์ 275x170,,EA,1.39,,
80,CBA275200,PART,เพลทเบกเกอร์ 275x200,,EA,0,,
81,CBA275220,PART,เพลทเบกเกอร์ 275x220,,EA,1.32,,
82,CBA275280,PART,เพลทเบกเกอร์ 275x280,,EA,1.64,,
83,CBA275330,PART,เพลทเบกเกอร์ 275x330,,EA,1.9,,
84,CBA275400,PART,เพลทเบกเกอร์ 275x400,,EA,0,,
85,CBA275410,PART,เพลทเบกเกอร์ 275x410,,EA,0,,
86,CBA325220,PART,เพลทเบกเกอร์ 325x220,,EA,1.58,,
87,CBA325280,PART,เพลทเบกเกอร์ 325x280,,EA,1.93,,
88,CBA325330,PART,เพลทเบกเกอร์ 325x330,,EA,2.21,,
89,CBA425170,PART,เพลทเบกเกอร์ 425x170,,EA,0,,
90,CBA425220,PART,เพลทเบกเกอร์ 425x220,,EA,1.95,,
91,CBA425280,PART,เพลทเบกเกอร์ 425x280,,EA,2.43,,
92,CBA425330,PART,เพลทเบกเกอร์ 425x330,,EA,2.83,,
93,CBA425410,PART,เพลทเบกเกอร์ 425x410,,EA,3.37,,
94,CBA525160,PART,เพลทเบกเกอร์ 525x160,,EA,0,,
95,CBA525170,PART,เพลทเบกเกอร์ 525x170,,EA,0,,
96,CBA525220,PART,เพลทเบกเกอร์ 525x220,,EA,2.45,,
97,CBA525280,PART,เพลทเบกเกอร์ 525x280,,EA,2.95,,
98,CBA525330,PART,เพลทเบกเกอร์ 525x330,,EA,4.45,,
99,CBA525380,PART,เพลทเบกเกอร์ 525x380,,EA,3.89,,
100,CBA525410,PART,เพลทเบกเกอร์ 525x410,,EA,4.1,,
101,CBA625150,PART,เพลทเบกเกอร์ 625x150,,EA,0,,
102,CBA625160,PART,เพลทเบกเกอร์ 625x160,,EA,0,,
103,CBA625220,PART,เพลทเบกเกอร์ 625x220,,EA,2.94,,
104,CBA625280,PART,เพลทเบกเกอร์ 625x280,,EA,3.46,,
105,CBA625330,PART,เพลทเบกเกอร์ 625x330,,EA,3.95,,
106,CBA625380,PART,เพลทเบกเกอร์ 625x380,,EA,4.45,,
107,CBA625410,PART,เพลทเบกเกอร์ 625x410,,EA,4.9,,
108,CBA725140,PART,เพลทเบกเกอร์ 725x140,,EA,0,,
109,CBA725150,PART,เพลทเบกเกอร์ 725x150,,EA,0,,
110,CBA725165,PART,เพลทเบกเกอร์ 725x165,,EA,0,,
111,CBA725170,PART,เพลทเบกเกอร์ 725x170,,EA,0,,
112,CBA725220,PART,เพลทเบกเกอร์ 725x220,,EA,3.25,,
113,CBA725260,PART,เพลทเบกเกอร์ 725x260,,EA,2.75,,
114,CBA725280,PART,เพลทเบกเกอร์ 725x280,,EA,4.03,,
115,CBA725330,PART,เพลทเบกเกอร์ 725x330,,EA,4.6,,
116,CBA725380,PART,เพลทเบกเกอร์ 725x380,,EA,5.11,,
117,CBA725410,PART,เพลทเบกเกอร์ 725x410,,EA,5.6,,
118,CBA825150,PART,เพลทเบกเกอร์ 825x150,,EA,0,,
119,CBA825170,PART,เพลทเบกเกอร์ 825x170,,EA,0,,
120,CBA825220,PART,เพลทเบกเกอร์ 825x220,,EA,3.6,,
121,CBA825280,PART,เพลทเบกเกอร์ 825x280,,EA,4.53,,
122,CBA825330,PART,เพลทเบกเกอร์ 825x330,,EA,5.23,,
123,CBA825380,PART,เพลทเบกเกอร์ 825x380,,EA,6.06,,
124,CBA825410,PART,เพลทเบกเกอร์ 825x410,,EA,6.27,,
125,CBA925140,PART,เพลทเบกเกอร์ 925x140,,EA,0,,
126,CBA925170,PART,เพลทเบกเกอร์ 925x170,,EA,0,,
127,CBA925220,PART,เพลทเบกเกอร์ 925x220,,EA,4.02,,
128,CBA925280,PART,เพลทเบกเกอร์ 925x280,,EA,5.1,,
129,CBA925330,PART,เพลทเบกเกอร์ 925x330,,EA,5.86,,
130,CBA925380,PART,เพลทเบกเกอร์ 925x380,,EA,6.48,,
131,CBA925410,PART,เพลทเบกเกอร์ 925x410,,EA,6.9,,
132,CBB414140,PART,เพลทเบกเกอร์ 414x140,,EA,1.45,,
133,CBB414170,PART,เพลทเบกเกอร์ 414x170,,EA,1.7,,
134,CBB514140,PART,เพลทเบกเกอร์ 514x140,,EA,1.77,,
135,CBB514170,PART,เพลทเบกเกอร์ 514x170,,EA,2.05,,
136,CBB614140,PART,เพลทเบกเกอร์ 614x140,,EA,2.05,,
137,CBB614170,PART,เพลทเบกเกอร์ 614x170,,EA,2.39,,
138,CBB714140,PART,เพลทเบกเกอร์ 714x140,,EA,2.35,,
139,CBB714170,PART,เพลทเบกเกอร์ 714x170,,EA,2.74,,
140,CBB814140,PART,เพลทเบกเกอร์ 814x140,,EA,2.67,,
141,CBB814170,PART,เพลทเบกเกอร์ 814x170,,EA,3.09,,
142,CBB914140,PART,เพลทเบกเกอร์ 914x140,,EA,2.89,,
143,CBB914170,PART,เพลทเบกเกอร์ 914x170,,EA,3.5,,
144,CBC100100,PART,แผ่นสไลค์ 100x100,,EA,0,,
145,CBC10080,PART,แผ่นสไลค์ 100x80,,EA,0,,
146,CBC11070,PART,แผ่นสไลค์ 110x70,,EA,0.35,,
147,CBC11080,PART,แผ่นสไลค์ 110x80,,EA,0,,
148,CBC12070,PART,แผ่นสไลค์ 120x70,,EA,0,,
149,CBC13070,PART,แผ่นสไลค์ 130x70,,EA,0,,
150,CBC135100,PART,แผ่นสไลค์ 135x100,,EA,0,,
151,CBC140100,PART,แผ่นสไลค์ 140x100,,EA,0.5,,
152,CBC140130,PART,แผ่นสไลค์ 140x130,,EA,0,,
153,CBC14080,PART,แผ่นสไลค์ 140x80,,EA,0.32,,
154,CBC15070,PART,แผ่นสไลค์ 150x70,,EA,0.42,,
155,CBC15080,PART,แผ่นสไลค์ 150x80,,EA,0,,
156,CBC170100,PART,แผ่นสไลค์ 170x100,,EA,0.51,,
157,CBC170130,PART,แผ่นสไลค์ 170x130,,EA,0,,
158,CBC17080,PART,แผ่นสไลค์ 170x80,,EA,0.47,,
159,CBC200100,PART,แผ่นสไลค์ 200x100,,EA,0.6,,
160,CBC200170,PART,แผ่นสไลค์ 200x170,,EA,0,,
161,CBC20080,PART,แผ่นสไลค์ 200x80,,EA,0.5,,
162,CBC220100,PART,แผ่นสไลค์ 220x100,,EA,0.67,,
163,CBC220140,PART,แผ่นสไลค์ 220x140,,EA,0,,
164,CBC260100,PART,แผ่นสไลค์ 260x100,,EA,0.7,,
165,CBC280100,PART,แผ่นสไลค์ 280x100,,EA,0.82,,
166,CBC280125,PART,แผ่นสไลค์ 280x125,,EA,1,,
167,CBC280140,PART,แผ่นสไลค์ 280x140,,EA,1.1,,
168,CBC280160,PART,แผ่นสไลค์280x160,,EA,1.23,,
169,CBC330100,PART,แผ่นสไลค์ 330x100,,EA,0.95,,
170,CBC330140,PART,แผ่นสไลค์ 330x140,,EA,1.22,,
171,CBC350100,PART,แผ่นสไลค์ 350x100,,EA,0.9,,
172,CBC380120,PART,แผ่นสไลค์ 380x120,,EA,0,,
173,CBC400100,PART,แผ่นสไลค์ 400x100,,EA,0,,
174,CBC410100,PART,แผ่นสไลค์ 410x100,,EA,1.14,,
175,CBC410120,PART,แผ่นสไลค์ 410x120,,EA,0,,
176,CBC410140,PART,แผ่นสไลค์ 410x140,,EA,1.34,,
177,CBC500200,PART,แผ่นสไลค์ 500x200,,EA,0,,
178,CHAIR-HDG,MAT GL,เก้าอี้นั่ง ขนาด 700x700x800 ชุบ HOTDIP,,EA,,,
179,CV167510770,PART,ฝาข้าง-ฝาหลัง 1675x770,,EA,,,
180,CV187510320,PART,ฝาข้าง-ฝาหลัง 1875x320,,EA,,,
181,CV187510370,PART,ฝาข้าง-ฝาหลัง 1875x370,,EA,,,
182,CV187510470,PART,ฝาข้าง-ฝาหลัง 1875x470,,EA,,,
183,CV187510570,PART,ฝาข้าง-ฝาหลัง 1875x570,,EA,,,
184,CV187510670,PART,ฝาข้าง-ฝาหลัง 1875x670,,EA,,,
185,CV187510770,PART,ฝาข้าง-ฝาหลัง 1875x770,,EA,,,
186,CV187510870,PART,ฝาข้าง-ฝาหลัง 1875x870,,EA,,,
187,CV187510970,PART,ฝาข้าง-ฝาหลัง 1875x970,,EA,,,
188,CV18757700,PART,ฝาเรียบ 1875x770,,EA,,,
189,CV207500970,PART,ฝาข้างเรียบ 2075x970,,EA,,,
190,CV2075101070,PART,ฝาข้าง-ฝาหลัง 2075x1070,,EA,,,
191,CV2075101163,PART,ฝาข้าง-ฝาหลัง 2075x1163,,EA,,,
192,CV207510320,PART,ฝาข้าง-ฝาหลัง 2075x320,,EA,,,
193,CV207510370,PART,ฝาข้าง-ฝาหลัง 2075x370,,EA,,,
194,CV207510470,PART,ฝาข้าง-ฝาหลัง 2075x470,,EA,,,
195,CV207510570,PART,ฝาข้าง-ฝาหลัง 2075x570,,EA,,,
196,CV207510670,PART,ฝาข้าง-ฝาหลัง 2075x670,,EA,,,
197,CV207510770,PART,ฝาข้าง-ฝาหลัง 2075x770,,EA,,,
198,CV207510870,PART,ฝาข้าง-ฝาหลัง 2075x870,,EA,,,
199,CV207510970,PART,ฝาข้าง-ฝาหลัง 2075x970,,EA,,,
200,CV20754700,PART,ฝาข้าง ฝาหลัง 2075x470 เรียบ,,EA,,,
201,CV215010870,PART,ฝาข้าง-ฝาหลัง  2150x870,,EA,,,
202,CV22259700,PART,ฝาข้าง-ฝาหลัง  2225x970 เรียบ,,EA,,,
203,CV570157500,PART,ฝาเรียบ 1575x570,,EA,,,
204,CV770197510,PART,ฝาขนาด1975x770  เกล็ด,,EA,,,
205,CV797190100,PART,ฝารูเปเปอร์1901x797เรียบ,,EA,,,
206,CV797190110,PART,ฝารูเปเปอร์1901x797เกล็ด,,EA,,,
207,CV797210100,PART,ฝารูเปเปอร์ 2101x797เรียบ,,EA,,,
208,CV797210110,PART,ฝารูเปเปอร์ 2101x797เกล็ด,,EA,,,
209,CV89721500,PART,ฝารูเปเปอร์เรียบ 2150X897,,EA,,,
210,CV997210100,PART,ฝารูเปเปอร์ 2101x997เรียบ,,EA,,,
211,CV997210110,PART,ฝารูเปเปอร์ 2101x997เกล็ด,,EA,,,
212,CV99721500,PART,ฝารูเปเปอร์เรียบ 2150x997,,EA,,,
213,CV9972250100,PART,ฝารูเปเปอร์2250x997เรียบ,,EA,,,
214,DC50221020,PART,คานฝาหน้า 50x22x1020,,EA,1.41,,
215,DC50221120,PART,คานฝาหน้า 50x22x1120,,EA,1.66,,
216,DC50221220,PART,คานฝาหน้า50X22X1220,,EA,2.28,,
217,DC5022220,PART,คานฝาหน้า 50x22x220,,EA,0.28,,
218,DC5022270,PART,คานฝาหน้า 50x22x270,,EA,0.29,,
219,DC5022320,PART,คานฝาหน้า 50x22x320,,EA,0.43,,
220,DC5022420,PART,คานฝาหน้า 50x22x420,,EA,0.58,,
221,DC5022520,PART,คานฝาหน้า 50x22x520,,EA,0.62,,
222,DC5022620,PART,คานฝาหน้า 50x22x620,,EA,0.84,,
223,DC5022720,PART,คานฝาหน้า 50x22x720,,EA,0.98,,
224,DC5022820,PART,คานฝาหน้า 50x22x820,,EA,1.14,,
225,DC5022920,PART,คานฝาหน้า 50x22x920,,EA,1.25,,
226,DC7025420,PART,คานฝาหน้า 70x25x420,,EA,,,
227,DC7025520,PART,คานฝาหน้า 70x25x520,,EA,0.93,,
228,DC7025620,PART,คานฝาหน้า 70x25x620,,EA,1.13,,
229,DC7025720,PART,คานฝาหน้า 70x25x720,,EA,1.24,,
230,DC7025820,PART,คานฝาหน้า 70x25x820,,EA,1.49,,
231,DC7025920,PART,คานฝาหน้า 70x25x920,,EA,1.61,,
232,DCE50401020,PART,คานรับลูกถ้วย 50x40x1020,,EA,1.78,,
233,DCE5040420,PART,คานรับลูกถ้วย 50x40x420,,EA,0.74,,
234,DCE5040520,PART,คานรับลูกถ้วย 50x40x520,,EA,0.91,,
235,DCE5040620,PART,คานรับลูกถ้วย 50x40x620,,EA,1.07,,
236,DCE5040720,PART,คานรับลูกถ้วย 50x40x720,,EA,1.25,,
237,DCE5040820,PART,คานรับลูกถ้วย 50x40x820,,EA,1.43,,
238,DCE5040920,PART,คานรับลูกถ้วย 50x40x920,,EA,1.6,,
239,FC6060420,PART,คานต่อโครงพิเศษ 60 x60x420,,EA,1.05,,
240,FC6060520,PART,คานต่อโครงพิเศษ 60 x60x520,,EA,1.32,,
241,FC68451020,PART,คานต่อโครง3mm 68x45x1020,,EA,3.28,,
242,FC68451120,PART,คานต่อโครง3mm 68x45x1120,,EA,3.39,,
243,FC68451220,PART,คานต่อโครง3mm 68x45x1220,,EA,3.95,,
244,FC6845200,PART,คานต่อโครง3mm 68x45x200,,EA,0.83,,
245,FC684520320,PART,คานต่อโครง 68x45T2.0x320,,EA,0.89,,
246,FC684520370,PART,คานต่อโครง 68x45T2.0x370,,EA,,,
247,FC684520420,PART,คานต่อโครง 68x45T2.0x420,,EA,0.98,,
248,FC684520520,PART,คานต่อโครง 68x45T2.0x520,,EA,1.24,,
249,FC684520620,PART,คานต่อโครง 68x45T2.0x620,,EA,1.4,,
250,FC684520720,PART,คานต่อโครง 68x45T2.0x720,,EA,1.61,,
251,FC684520920,PART,คานต่อโครง 68x45T2.0x920,,EA,2,,
252,FC6845210,PART,คานต่อโครง3mm 68x45x210,,EA,0.85,,
253,FC6845220,PART,คานต่อโครง3mm 68x45x220,,EA,0.89,,
254,FC6845258,PART,คานต่อโครง3mm 68x45x258,,EA,1.02,,
255,FC6845260,PART,คานต่อโครง3mm 68x45x260,,EA,1.04,,
256,FC6845270,PART,คานต่อโครง3mm 68x45x270,,EA,1.07,,
257,FC6845300,PART,คานต่อโครง3mm 68x45x300,,EA,1.2,,
258,FC6845320,PART,คานต่อโครง3mm 68x45x320,,EA,1.29,,
259,FC6845370,PART,คานต่อโครง3mm 68x45x370,,EA,1.48,,
260,FC6845420,PART,คานต่อโครง3mm 68x45x420,,EA,1.59,,
261,FC6845520,PART,คานต่อโครง3mm 68x45x520,,EA,1.91,,
262,FC6845620,PART,คานต่อโครง3mm 68x45x620,,EA,2.16,,
263,FC6845720,PART,คานต่อโครง3mm 68x45x720,,EA,2.57,,
264,FC6845725,PART,คานต่อโครง3mm68x45x725,,EA,2.42,,
265,FC6845770,PART,คานต่อโครง 68x45x3mmx770,,EA,0,,
266,FC6845820,PART,คานต่อโครง3mm 68x45x820,,EA,3.02,,
267,FC6845920,PART,คานต่อโครง3mm 68x45x920,,EA,2.28,,
268,FC6845926,PART,คานต่อโครง68x45x926,,EA,2.89,,
269,FC7090720,PART,คานต่อโครงพิเศษ 70x90x720,,EA,0,,
270,FC7090920,PART,คานต่อโครงพิเศษ 70x90x920,,EA,0,,
271,FC80451020,PART,คานต่อโครง 80x45x3mmx1020,,EA,3.69,,
272,FC80451120,PART,คานต่อโครง 80x45x3mmx1120,,EA,4.07,,
273,FC8045260,PART,คานต่อโครง 80x45x3mmx260,,EA,1.22,,
274,FC8045320,PART,คานต่อโครง 80x45x3mmx320,,EA,1.24,,
275,FC8045420,PART,คานต่อโครง 80x45x3mmx420,,EA,1.79,,
276,FC8045520,PART,คานต่อโครง 80x45x3mmx520,,EA,2.16,,
277,FC8045620,PART,คานต่อโครง 80x45x3mmx620,,EA,2.22,,
278,FC8045720,PART,คานต่อโครง 80x45x3mmx720,,EA,2.49,,
279,FC8045820,PART,คานต่อโครง 80x45x3mmx820,,EA,3.06,,
280,FC8045920,PART,คานต่อโครง 80x45x3mmx920,,EA,3.29,,
281,FCB6845720,PART,คานต่อโครงรับลูกถ้วย720x68x45,,EA,2.57,,
282,FCB6845920,PART,คานต่อโครงรับลูกถ้วย920X68X45,,EA,3.23,,
283,FCC68451020/4,PART,คานต่อโครง4รู 68x45x3mmx1020,,EA,3.28,,
284,FCC68451120/4,PART,คานต่อโครง4รู 68x45x3mmx1120,,EA,3.39,,
285,FCC6845520/4,PART,คานต่อโครง4รู 68x45x3mmx520,,EA,1.59,,
286,FCC6845620/4,PART,คานต่อโครง4รู 68x45x3mmx620,,EA,2.16,,
287,FCC6845720/4,PART,คานต่อโครง4รู 68x45x3mmx720,,EA,2.57,,
288,FCC6845770/4,PART,คานต่อโครง4รู 68x45x3mmx770,,EA,0,,
289,FCC6845820/4,PART,คานต่อโครง4รู 68x45x3mmx820,,EA,3.02,,
290,FCC6845920/4,PART,คานต่อโครง4รู 68x45x3mmx920,,EA,3.23,,
291,FCC6845920/4-0,PART,คานต่อโครง4รู/0 68x45x3mmx920,,EA,3.23,,
292,FCC6845926/4,PART,คานต่อโครง4รู 68x45x3mmx926,,EA,0,,
293,FCV6845720,PART,คานต่อโครง4รูดาม720x68x45,,EA,2.57,,
294,FCV6845920,PART,คานต่อโครง4รูดาม920x68x45,,EA,3.23,,
295,FD10006845,PART,คานเชื่อม1000,,EA,2.27,,
296,FD11006845,PART,คานเชื่อม1100,,EA,2.87,,
297,FD12006845,PART,คานเชื่อม1200,,EA,3.45,,
298,FD13006845,PART,คานเชื่อม1300,,EA,3.65,,
299,FD4006845,PART,คานเชื่อม400,,EA,1.01,,
300,FD5006845,PART,คานเชื่อม500,,EA,1.42,,
301,FD6006845,PART,คานเชื่อม600,,EA,1.56,,
302,FD7006845,PART,คานเชื่อม700,,EA,1.85,,
303,FD8006845,PART,คานเชื่อม800,,EA,2.14,,
304,FD9006845,PART,คานเชื่อม900,,EA,2.2,,
305,FF40172550,PART,เสาเชื่อม1725x40x50,,EA,0,,
306,FF40192550,PART,เสาเชื่อม1925x40x50,,EA,5.35,,
307,FF40200050,PART,เสาเชื่อม 2000x40x50,,EA,0,,
308,FF40202550,PART,เสาเชื่อม2025x40x50,,EA,0,,
309,FF40210050,PART,เสาเชื่อม 2100x40x50,,EA,0,,
310,FF40212550,PART,เสาเชื่อม2125x40x50,,EA,6.13,,
311,FF40227550,PART,เสาเชื่อม2275x40x50,,EA,6.6,,
312,FF40242550,PART,เสาเชื่อม 2425X40X50,,EA,0,,
313,FL112040,PART,คานยืดหลอดไฟ 1120x40,,EA,0,,
314,FL401020,PART,คานยืดหลอดไฟ 40x1020,,EA,0.81,,
315,FL401120,PART,คานยึดหลอดไฟ 40x1120,,EA,0.87,,
316,FL40320,PART,คานยึดหลอดไฟ40X320,,EA,0.3,,
317,FL40420,PART,คานยืดหลอดไฟ 40x420,,EA,0.37,,
318,FL40520,PART,คานยืดหลอดไฟ 40x520,,EA,0.43,,
319,FL40620,PART,คานยืดหลอดไฟ 40x620,,EA,0.52,,
320,FL40690,PART,คานยึดหลอดไฟ 40x690,,EA,0,,
321,FL40720,PART,คานยืดหลอดไฟ 40x720,,EA,0.58,,
322,FL40820,PART,คานยืดหลอดไฟ 40x820,,EA,0.65,,
323,FL40920,PART,คานยืดหลอดไฟ 40x920,,EA,0.73,,
324,FRIM,,ค่าติดฟิล์ม กระจกตู้,,แผ่น,,,
325,FS37502138,PART,เสาเสริม 37x50x2138,,EA,6.3,,
326,FS385020504,PART,เสาเสริม 38x50x2mmx504,,EA,1.04,,
327,FS40501563,PART,เสาเสริม40x50x1563,,EA,4.35,,
328,FS40501588,PART,เสาเสริม 40x50x1588,,EA,4.54,,
329,FS40501788,PART,เสาเสริม 40x50x1788,,EA,5.22,,
330,FS40501863,PART,เสาเสริม40x50x1863,,EA,5.6,,
331,FS40501963,PART,เสาเสริม 40x50x1963,,EA,5.72,,
332,FS40501988,PART,เสาเสริม 40x50x1988,,EA,5.82,,
333,FS4050201778,PART,เสาเสริม 40x50x2mmx1788,,EA,3.46,,
334,FS4050201988,PART,เสาเสริม 40x50x2mmx1988,,EA,3.94,,
335,FS40502138,PART,เสาเสริม 40x50x2138,,EA,6.2,,
336,FS4050301888,PART,เสาเสริม 40x50x1888,,EA,5.3,,
337,FS53501785,PART,เสาเสริม 53x50x1785,,EA,5.2,,
338,FS53501885,PART,เสาเสริม 53x50x1885,,EA,5.35,,
339,FS53501985,PART,เสาเสริม 53x50x1985,,EA,6,,
340,,,,,แผ่น,,,
341,GL30100x260,MAT GL  ,กระจกใส 100x260 T3.0,,แผ่น,,,
342,GL30103X268,MAT GL,กระจกใส 103X268 T3.0,,แผ่น,,,
343,GL30107x272,MAT GL  ,กระจกใส 107x272 T 3.0,,แผ่น,,,
344,GL30108310,MAT GL  ,กระจกใส 108x310 T3.0,,แผ่น,,,
345,GL30108X108,MAT GL,กระจกใส 108x108 T3.0,,แผ่น,,,
346,GL30108x158,MAT GL,กระจกใส 108x158 T3.0,,แผ่น,,,
347,GL30108x170,MAT GL  ,กระจกใส 108x170 T 3.0,,แผ่น,,,
348,GL30108X208,MAT GL,กระจกใส 108x208 T3.0,,แผ่น,,,
349,GL30108X308,MAT GL,กระจกใส108x308 T3.0,,แผ่น,,,
350,GL30108X330,MAT GL  ,กระจกใส 108x330 T3.0,,แผ่น,,,
351,GL30108x348,MAT GL,กระจกใส 108x348 T3.0,,แผ่น,,,
352,GL30109x274,MAT GL,กระจกใส 109x274 T3.0,,แผ่น,,,
353,GL30112x162,MAT GL,กระจกใส 112x162 T3.0,,แผ่น,,,
354,GL30112x174,MAT GL,กระจกใส 112x174 T3.0,,แผ่น,,,
355,GL30112X212,MAT GL,กระจกใส 112x212 T3.0,,แผ่น,,,
356,GL30112x262,MAT GL,กระจกใส 112x262 T3.0,,แผ่น,,,
357,GL30112x272,MAT GL,กระจกใส 112X272 T3.0,,แผ่น,,,
358,GL30112x292,MAT GL  ,กระจกใส 112x292 T3.0,,แผ่น,,,
359,GL30112X312,MAT GL,กระจกใส 112x312 T3.0,,แผ่น,,,
360,GL30113x262,MAT GL,กระจกใส 113x262 T3.0,,แผ่น,,,
361,GL30113x294,MAT GL,กระจกใส 113x294 T3.0,,แผ่น,,,
362,GL30114x244,MAT GL,กระจกใส 114x244 T3.0,,แผ่น,,,
363,GL30117x117,MAT GL,กระจกใส 117x117 T 3.0,,แผ่น,,,
364,GL30118X198,MAT GL,กระจกใส 118X198 T3.0,,แผ่น,,,
365,GL30118X260,MAT GL,กระจกใส 118x260 T3.0,,แผ่น,,,
366,GL30118X308,MAT GL,กระจกใส 118x308 T3.0,,แผ่น,,,
367,GL30125x125,MAT GL  ,กระจกใส 125x125 T3.0,,แผ่น,,,
368,GL30126X141,MAT GL,กระจกใส 126x141 T3.0,,แผ่น,,,
369,GL30128X128,MAT GL,กระจกใส 128X128 T3.0,,แผ่น,,,
370,GL30128X258,MAT GL,กระจกใส 128X258 T3.0,,แผ่น,,,
371,GL30128x268,MAT GL,กระจกใส 128x268 T3.0,,แผ่น,,,
372,GL30128X308,MAT GL,กระจกใส 128x308 T3.0,,แผ่น,,,
373,GL30132X132,MAT GL,กระจกใส 132X132 T3.0,,แผ่น,,,
374,GL30132x217,MAT GL  ,กระจกใส 132x217 T3.0,,แผ่น,,,
375,GL30132x272,MAT GL,กระจกใส 132x272 T3.0,,แผ่น,,,
376,GL30132x282,MAT GL,กระจกใส 132x282 T3.0,,แผ่น,,,
377,GL30132X312,MAT GL,กระจกใส 132x312 T3.0,,แผ่น,,,
378,GL30132x347,MAT GL,กระจกใส 132x347 T3.0,,แผ่น,,,
379,GL30132x352,MAT GL,กระจกใส 132x352 T3.0,,แผ่น,,,
380,GL30134x134,MAT GL,กระจกใส 134x134 T3.0,,แผ่น,,,
381,GL30138x248,MAT GL,กระจกใส 138x248 T3.0,,แผ่น,,,
382,GL30142x142,MAT GL,กระจกใส 142x142 T3.0,,แผ่น,,,
383,GL30143X223,MAT GL,กระจกใส 143X223 T3.0,,แผ่น,,,
384,GL30144x264,MAT GL,กระจกใส 144x264 T3.0,,แผ่น,,,
385,GL30146x196,MAT GL,กระจกใส 146x196 T3.0,,แผ่น,,,
386,GL30150x220,MAT GL,กระจกใส 150x220 T3.0,,แผ่น,,,
387,GL30157x237,MAT GL,กระจกใส 157x237 T3.0,,แผ่น,,,
388,GL30157x312,MAT GL  ,กระจกใส 157x312 T3.0,,แผ่น,,,
389,GL30158X208,MAT GL,กระจกใส 158x208 T3.0,,แผ่น,,,
390,GL30158X308,MAT GL,กระจกใส 158x308 T3.0,,แผ่น,,,
391,GL30158X358,MAT GL,กระจกใส 158x358 T3.0,,แผ่น,,,
392,GL30158X408,MAT GL,กระจกใส 158x408 T3.0,,แผ่น,,,
393,GL30162x162,MAT GL,กระจกใส 162x162 T3.0,,แผ่น,,,
394,GL30162x202,MAT GL,กระจกใส 162x202 T3.0,,แผ่น,,,
395,GL30162x227,MAT GL,กระจกใส 162x227 T3.0,,แผ่น,,,
396,GL30162X292,MAT GL,กระจกใส 162X292 T3.0,,แผ่น,,,
397,GL30162x312,MAT GL,กระจกใส 162X312 T3.0,,แผ่น,,,
398,GL30162x362,MAT GL,กระจกใส 162x362 T3.0,,แผ่น,,,
399,GL30162X412,MAT GL,กระจกใส 162x412 T3.0,,แผ่น,,,
400,GL30162x492,MAT GL,กระจกใส 162x492 T3.0,,แผ่น,,,
401,GL30164x254,MAT GL  ,กระจกใส 164x254 T3.0,,แผ่น,,,
402,GL30164x304,MAT GL,กระจกใส 364x304 T3.0,,แผ่น,,,
403,GL30164x314,MAT GL,กระจกใส 164x314 T 3.0,,แผ่น,,,
404,GL30164x364,MAT GL,กระจกใส 164x364 T3.0,,แผ่น,,,
405,GL30168X168,MAT GL,กระจกใส 168x168 T3.0,,แผ่น,,,
406,GL30172X212,MAT GL,กระจกใส 172x212 T3.0,,แผ่น,,,
407,GL30174x194,MAT GL  ,กระจกใส 174x194 T3.0,,แผ่น,,,
408,GL30178X178,MAT GL,กระจกใส 178x178 T3.0,,แผ่น,,,
409,GL30182x182,MAT GL  ,กระจกใส 182x182 T3.0,,แผ่น,,,
410,GL30183X388,MAT GL,กระจกใส 183x388 T3.0,,แผ่น,,,
411,GL30187x412,MAT GL,กระจกใส 187X412 T3.0,,แผ่น,,,
412,GL30188X198,MAT GL,กระจกใส 188x198 T3.0,,แผ่น,,,
413,GL30189.5x287,MAT GL  ,กระจกใส 189.5x287 T3.0,,แผ่น,,,
414,GL30203X228,MAT GL,กระจกใส 203x228 T3.0,,แผ่น,,,
415,GL30204x314,MAT GL  ,กระจกใส 204x314 T3.0,,แผ่น,,,
416,GL30208x208,MAT GL,กระจกใส 208x208 T3.0,,แผ่น,,,
417,GL30208x308,MAT GL,กระจกใส 208x308 T3.0,,แผ่น,,,
418,GL30208X358,MAT GL,กระจกใส 208x358T3.0,,แผ่น,,,
419,GL30208X408,MAT GL,กระจกใส 208X408 T3.0,,แผ่น,,,
420,GL30208X458,MAT GL,กระจกใส 208x458 T3.0,,แผ่น,,,
421,GL30208X508,MAT GL,กระจกใส 208x508 T3.0,,แผ่น,,,
422,GL30208X628,MAT GL,กระจกใส 208X628 T3.0,,แผ่น,,,
423,GL30209x314,MAT GL,กระจกใส 209x314 T3.0,,แผ่น,,,
424,GL30212x262,MAT GL,กระจกใส 212x262 T3.0,,แผ่น,,,
425,GL30212x312,MAT GL  ,กระจกใส 212x312 T3.0,,แผ่น,,,
426,GL30212x362,MAT GL  ,กระจกใส 212x362 T3.0,,แผ่น,,,
427,GL30212x612,MAT GL  ,กระจกใส 212x612 T3.0,,แผ่น,,,
428,GL30212X912,MAT GL  ,กระจกใส 212X912 T3.0,,แผ่น,,,
429,GL30214x214,MAT GL,กระจกใส 214x214 หนา 3.0,,แผ่น,,,
430,GL30223X293,MAT GL,กระจกใส 223X293 T3.0,,แผ่น,,,
431,GL30224x254,MAT GL,กระจกใส 224x254 T3.0,,แผ่น,,,
432,GL30228X1158,MAT GL,กระจกใส 228x1158 T3.0,,แผ่น,,,
433,GL30228X203,MAT GL,กระจกใส 228X203 T3.0,,แผ่น,,,
434,GL30228x258,MAT GL,กระจกใส 228x258 T3.0,,แผ่น,,,
435,GL30228X468,MAT GL,กระจกใส 228X468T3.0,,แผ่น,,,
436,GL30232x332,MAT GL  ,กระจกใส 232x332 T3.0,,แผ่น,,,
437,GL30232x342,MAT GL  ,กระจกใส 232X342 T5.0,,แผ่น,,,
438,GL30232x352,MAT GL  ,กระจกใส 232x352  T3.0,,แผ่น,,,
439,GL30233X358,MAT GL,กระจก ใส 233x358 T3.0,,แผ่น,,,
440,GL30234x334,MAT GL  ,กระจกใส 234x334 T3.0,,แผ่น,,,
441,GL30234x394,MAT GL  ,กระจกใส 234x394 T3.0,,แผ่น,,,
442,GL30238x358,MAT GL,กระจกใส 238x358 T 3.0,,แผ่น,,,
443,GL30242x312,MAT GL  ,กระจกใส 242x312 T3.0,,แผ่น,,,
444,GL30244x314,MAT GL,กระจกใส 244x314 T3.0,,แผ่น,,,
445,GL30244x324,MAT GL,กระจกใส 244x324 T3.0,,แผ่น,,,
446,GL30244x344,MAT GL,กระจกใส 244x344 T3.0,,แผ่น,,,
447,GL30249x414,MAT GL,กระจกใส 249x414 T3.0,,แผ่น,,,
448,GL30252x1672,MAT GL,กระจกใส 252x1672 T3.0,,แผ่น,สั่งเกินออกแบบ,,
449,GL30252x312,MAT GL,กระจกใส 312x252 T3.0,,แผ่น,,,
450,GL30252x472,MAT GL,กระจกใส 252x472 T3.0,,แผ่น,,,
451,GL30252X497,MAT GL,กระจกใส 252X497 T3.0,,แผ่น,,,
452,GL30257x262,MAT GL  ,กระจกใส 257x262 T3.0,,แผ่น,,,
453,GL30258X303,MAT GL,กระจกใส 258x303 T3.0,,แผ่น,,,
454,GL30258X308,MAT GL,กระจกใส 258X308 T3.0,,แผ่น,,,
455,GL30258X358,MAT GL,กระจกใส 258X358 T3.0,,แผ่น,,,
456,GL30258X408,MAT GL,กระจกใส 258x408 T3.0,,แผ่น,,,
457,GL30258x458,MAT GL,กระจกใส 258x458 T3.0,,แผ่น,,,
458,GL30258x508,MAT GL,กระจกใส 258x508 T3.0 ,,แผ่น,,,
459,GL30258X558,MAT GL,กระจกใส 258x558 T3.0,,แผ่น,,,
460,GL30258X608,MAT GL,กระจกใส 258X608 T3.0,,แผ่น,,,
461,GL30260x360,MAT GL,กระจกใส 260x360 T3.0,,แผ่น,,,
462,GL30262x282,MAT GL  ,กระจกใส 262x282 T3.0,,แผ่น,,,
463,GL30262x302,MAT GL  ,กระจกใส 262x302 T3.0,,แผ่น,,,
464,GL30262X312,MAT GL,กระจกใส 262X312 T3.0,,แผ่น,,,
465,GL30262x337,MAT GL,กระจกใส 262x337 T3.0,,แผ่น,,,
466,GL30262X412,MAT GL,กระจกใส262x412 T3.0,,แผ่น,,,
467,GL30264x264,MAT GL,กระจก ใส264x264 T3.0,,แผ่น,,,
468,GL30264x284,MAT GL,กระจกใส 264x284 T3.0,,แผ่น,,,
469,GL30264x304,MAT GL,กระจกใส 264x304 T3.0,,แผ่น,,,
470,GL30272x372,MAT GL,กระจกใส 272x372 T3.0,,แผ่น,,,
471,GL30273x293,MAT GL,กระจกใส 273x293 T 3.0,,แผ่น,,,
472,GL30273X443,MAT GL,กระจกใส 273X443 T3.0,,แผ่น,,,
473,GL30274x284,MAT GL,กระจกใส 274x284 T3.0,,แผ่น,,,
474,GL30277x312,MAT GL,กระจกใส 277x312 T3.0,,แผ่น,,,
475,GL30283X388,MAT GL,กระจกใส 283x388 T3.0,,แผ่น,,,
476,GL30283X478,MAT GL,กระจกใส 283x478 T3.0,,แผ่น,,,
477,GL30284x314,MAT GL  ,กระจกใส 284x314 T3.0,,แผ่น,,,
478,GL30288X498,MAT GL,กระจกใส 288x498 T3.0,,แผ่น,,,
479,GL30289x387,MAT GL,กระจกใส 289.5X387 T3.0,,แผ่น,,,
480,GL30292x442,MAT GL,กระจกใส  292x442 T3.0,,แผ่น,,,
481,GL30294x304,MAT GL,กระจกใส 294x304 T3.0,,แผ่น,,,
482,GL30294x414,MAT GL,กระจกใส 294x414 T3.0,,แผ่น,,,
483,GL30298X908,MAT GL,กระจกใส 298x908 T3.0,,แผ่น,,,
484,GL30302x412,MAT GL,กระจกใส 302x412 T3.0,,แผ่น,,,
485,GL30302x512,MAT GL  ,กระจกใส 302x512 T3.0,,แผ่น,,,
486,GL30304x414,MAT GL,กระจกใส 304x414 T3.0,,แผ่น,,,
487,GL30308X308,MAT GL,กระจกใส 308x308T 3.0,,แผ่น,,,
488,GL30308x428,MAT GL,กระจกใส 308x428 T3.0,,แผ่น,,,
489,GL30308X508,MAT GL,กระจกใส308x508T3.0,,แผ่น,,,
490,GL30308X608,MAT GL,กระจกใส308X608T3.0,,แผ่น,,,
491,GL30312X212,MAT GL,กระจกใส312x212T3.0,,แผ่น,,,
492,GL30312x372,MAT GL  ,กระจกใส 312x372 T3.0,,แผ่น,,,
493,GL30312x412,MAT GL  ,กระจกใส 312x412 T3.0,,แผ่น,,,
494,GL30312x452,MAT GL,กระจกใส 312x452 T3.0,,แผ่น,,,
495,GL30312x512,MAT GL  ,กระจกใส 312x512 T3.0,,แผ่น,,,
496,GL30314x314,MAT GL,กระจกใส 314x314 T3.0,,แผ่น,,,
497,GL30321x552,MAT GL,กระจกใส 321x552 T3.0,,แผ่น,,,
498,GL30323X368,MAT GL,กระจกใส 323x368 T3.0,,แผ่น,,,
499,GL30323X458,MAT GL,กระจกใส323X458T3.0,,แผ่น,,,
500,GL30323X558,MAT GL,กระจกใส323X558T3.0,,แผ่น,,,
501,GL30326x557,MAT GL,กระจกใส 326x557 T3.0,,แผ่น,,,
502,GL30327x558,MAT GL,กระจกใส 327x558 T3.0,,แผ่น,,,
503,GL30328X458,MAT GL,กระจกใส 328x458 T3.0,,แผ่น,,,
504,GL30328X488,MAT GL,กระจกใส 328x488 T3.0,,แผ่น,,,
505,GL30328X508,MAT GL,กระจกใส 328X508 T3.0,,แผ่น,,,
506,GL30332X532,MAT GL,กระจกใส 332x532 T3.0,,แผ่น,,,
507,GL30339x464,MAT GL,กระจกใส 339x464 T 3.0,,แผ่น,,,
508,GL30342x477,MAT GL,กระจกใส 342x477 T3.0,,แผ่น,,,
509,GL30353X508,MAT GL,กระจกใส 353x508 T3.0,,แผ่น,,,
510,GL30358X358,MAT GL,กระจกใส 358X358 T3.0,,แผ่น,,,
511,GL30358X508,MAT GL,กระจกใส 358x508 T3.0,,แผ่น,,,
512,GL30358X558,MAT GL,กระจกใส 358x558 T3.0,,แผ่น,,,
513,GL30358X658,MAT GL,กระจกใส 358X658 T3.0,,แผ่น,,,
514,GL30358X708,MAT GL,กระจกใส 358X708 T3.0,,แผ่น,,,
515,GL30358X828,MAT GL,กระจกใส 358X828 T3.0,,แผ่น,,,
516,GL30362X462,MAT GL,กระจกใส 362X462 T3.0,,แผ่น,,,
517,GL30364x464,MAT GL,กระจกใส 364x454 T3.0,,แผ่น,,,
518,GL30388X183,MAT GL,กระจกใส 388x183 T3.0,,แผ่น,,,
519,GL30388X283,MAT GL,กระจกใส 388x283 T3.0,,แผ่น,,,
520,GL30388X433,MAT GL,กระจกใส 388x433 T3.0,,แผ่น,,,
521,GL30388X483,MAT GL,กระจกใส 388x483 T3.0,,แผ่น,,,
522,GL30388X668,MAT GL,กระจกใส 388X668 T3.0,,แผ่น,,,
523,GL30388X688,MAT GL,กระจกใส 388X688 T3.0,,แผ่น,,,
524,GL30390x437,MAT GL,กระจกใส 390X437 T3.0,,แผ่น,,,
525,GL30408X708,MAT GL,กระจกใส 408x708 T3.0,,แผ่น,,,
526,GL30408X732,MAT GL,กระจกใส 408x732 T3.0,,แผ่น,,,
527,GL30408X733,MAT GL,กระจกใส 408x733 T3.0,,แผ่น,,,
528,GL30408X758,MAT GL,กระจกใส 408X758 T3.0,,แผ่น,,,
529,GL3040X80,MAT GL,กระจกใส 40x80 T3.0,,แผ่น,,,
530,GL30412X262,MAT GL,กระจกใส 412X262 T3.0,,แผ่น,,,
531,GL30412x562,MAT GL,กระจกใส 412x562 T3.0,,แผ่น,,,
532,GL30412X626,MAT GL,กระจกใส 412X626 T3.0,,แผ่น,,,
533,GL30412x762,MAT GL  ,กระจกใส 412x762 T3.0,,แผ่น,,,
534,GL30414x454,MAT GL  ,กระจกใส 414x454 T3.0,,แผ่น,,,
535,GL30414x545,MAT GL  ,กระจกใส 414x545 T3.0,,แผ่น,,,
536,GL30428X628,MAT GL,กระจกใส 428x628 T3.0,,แผ่น,,,
537,GL30433X823,MAT GL,กระจกใส 433x823 T3.0,,แผ่น,,,
538,GL30443X473,MAT GL,กระจกใส 443X473 T3.0,,แผ่น,,,
539,GL30458X1308,MAT GL,กระจกใส 458x1308 T3.0,,แผ่น,,,
540,GL30458X558,MAT GL,กระจกใส 458x558 T3.0,,แผ่น,,,
541,GL30458X658,MAT GL,กระจกใส 458x658 T3.0,,แผ่น,,,
542,GL30458X878,MAT GL,กระจกใส 458x878 T3.0,,แผ่น,,,
543,GL30468X708,MAT GL,กระจกใส 468X708 T3.0,,แผ่น,,,
544,GL30498X288,MAT GL,กระจกใส 498X288 T3.0,,แผ่น,,,
545,GL30508X208,MAT GL,กระจกใส 508X208 T3.0,,แผ่น,,,
546,GL30508X353,MAT GL,กระจกใส 508x353 T3.0,,แผ่น,,,
547,GL30508X608,MAT GL,กระจกใส 508X608 T3.0,,แผ่น,,,
548,GL30508X653,MAT GL,กระจกใส 508X653 T3.0,,แผ่น,,,
549,GL30508X878,MAT GL,กระจกใส 508X878 T3.0,,แผ่น,,,
550,GL30508X958,MAT GL,กระจกใส 508x958 T3.0,,แผ่น,,,
551,GL30528X628,MAT GL,กระจกใส 528x628 T3.0,,แผ่น,,,
552,GL30528X953,MAT GL,กระจกใส 528x953 T3.0,,แผ่น,,,
553,GL30533X588,MAT GL,กระจกใส 533x588 T3.0,,แผ่น,,,
554,GL30533X953,MAT GL,กระจกใส 533x953 T3.0,,แผ่น,,,
555,GL30558X258,MAT GL,กระจกใส 558x258 T3.0,,แผ่น,,,
556,GL30558X608,MAT GL,กระจกใส 558x608 T3.0,,แผ่น,,,
557,GL30558X708,MAT GL,กระจกใส 558X708 T3.0,,แผ่น,,,
558,GL30578X958,MAT GL,กระจกใส 578x958 T3.0,,แผ่น,,,
559,GL30608X708,MAT GL,กระจกใส 608x708 T3.0,,แผ่น,,,
560,GL30626X412,MAT GL,กระจกใส 626X412 T.30,,แผ่น,,,
561,GL3080X40,MAT GL,กระจกใส 80X40 T3.0,,แผ่น,,,
562,GL3088X238,MAT GL,กระจกใส 88x238 T3.0,,แผ่น,,,
563,GL3088x248,MAT GL,กระจกใส 88x248 T3.0,,แผ่น,,,
564,GL3088X258,MAT GL,กระจกใส 88X258 T3.0,,แผ่น,,,
565,GL3088X260,MAT GL,กระจกใส 88x260 T3.0,,แผ่น,,,
566,GL3088X290,MAT GL,กระจกใส88X290 T3.0,,แผ่น,,,
567,GL3088X408,MAT GL,กระจกใส 88X408 T3.0,,แผ่น,,,
568,GL3092x132,MAT GL,กระจกใส 92x132 T3.0,,แผ่น,J641131,,
569,GL3092x252,MAT GL,กระจกใส 92x252 T3.0,,แผ่น,,,
570,GL3094x244,MAT GL,กระจกใส 94x244 T 3.0,,แผ่น,,,
571,GL3094x254,MAT GL,กระจกใส 94x254 T3.0,,แผ่น,,,
572,GL3096x196,MAT GL  ,กระจกใส 96x196 T3.0,,แผ่น,,,
573,GL50110x260,MAT GL,กระจกใส 110x260 T5.0,,แผ่น,,,
574,GL501129x1204,MAT GL,กระจกใส 1129x1204 T5.0,,แผ่น,,,
575,GL50114x264,MAT GL,กระจกใส 114x264 T5.0,,แผ่น,,,
576,GL50117x297,MAT GL  ,กระจกใส 117x297 T 5.0,,แผ่น,,,
577,GL50132x272,MAT GL,กระจกใส 132x272 T5.0,,แผ่น,,,
578,GL50132x362,MAT GL,กระจกใส 132x362 T5.0,,แผ่น,,,
579,GL50134x134,MAT GL,กระจกใส 134x134 T5.0,,แผ่น,,,
580,GL50144x264,MAT GL,กระจกใส 144x264 T5.0,,แผ่น,,,
581,GL50162X162,MAT GL,กระจกใส 162x162 T5.0,,แผ่น,,,
582,GL50162x292,MAT GL,กระจกใส 162x292 T5.0,,แผ่น,,,
583,GL50162x312,MAT GL,กระจกใส 162x312 T5.0,,แผ่น,,,
584,GL50162x412,MAT GL  ,กระจกใส 162x412 T5.0,,แผ่น,,,
585,GL50162x413,MAT GL,กระจกใส 162x413 T5.0,,แผ่น,,,
586,GL50164x1044,MAT GL,กระจกใส 164x1044 T 5.0,,แผ่น,,,
587,GL50164x1398,MAT GL,กระจกใส 164x1398 T 5.0,,แผ่น,,,
588,GL50182x207,MAT GL,กระจกใส 182x207 T5.0,,แผ่น,,,
589,GL50182x277,MAT GL,กระจกใส 182x277 T5.0,,แผ่น,,,
590,GL50185X250,MAT GL,กระจกใส 185x250 T5.0,,แผ่น,,,
591,GL50191x289,MAT GL,กระจกใส 191.5x289 T5.0,,แผ่น,,,
592,GL50192x222,MAT GL,กระจกใส 192x222 T5.0,,แผ่น,,,
593,GL50192x362,MAT GL,กระจกใส 192X362 T5.0,,แผ่น,,,
594,GL50194x564,MAT GL  ,กระจกใส 194x564 T5.0,,แผ่น,,,
595,GL50194x724,MAT GL  ,กระจกใส 194x724 T5.0,,แผ่น,,,
596,GL50200x226,MAT GL,กระจกใส 200x226 T5.0,,แผ่น,,,
597,GL50202x302,MAT GL,กระจกใส 202x302 T5.0,,แผ่น,,,
598,GL50202x487,MAT GL  ,กระจกใส 202x487 T5.0,,แผ่น,,,
599,GL50204x314,MAT GL  ,กระจกใส 204x314 T5.0,,แผ่น,,,
600,GL50208X408,MAT GL,กระจกใส 208X408 T5.0,,แผ่น,,,
601,GL50212x1312,MAT GL  ,กระจกใส 212x1312 T5.0,,แผ่น,,,
602,GL50212x212,MAT GL,กระจกใส 212x212 T5.0,,แผ่น,,,
603,GL50212x262,MAT GL,กระจกใส 212x262 T5.0,,แผ่น,,,
604,GL50212x272,MAT GL,กระจกใส 212x272 T5.0,,แผ่น,,,
605,GL50212X312,MAT GL,กระจกใส 212x312 T5.0,,แผ่น,,,
606,GL50212X342,MAT GL,กระจกใส 212x342 T5.0,,แผ่น,,,
607,GL50212x362,MAT GL,กระจกใส 212x362 T5.0,,แผ่น,,,
608,GL50212x392,MAT GL  ,กระจกใส 212x392 T5.0,,แผ่น,,,
609,GL50212x412,MAT GL,กระจกใส 212x412 T5.0,,แผ่น,,,
610,GL50212x462,MAT GL  ,กระจกใส 212x462 T5.0,,แผ่น,,,
611,GL50212x532,MAT GL  ,กระจกใส 212x532 T5.0,,แผ่น,,,
612,GL50214x514,MAT GL,กระจกใส 214x514 T5.0,,แผ่น,,,
613,GL50222x1012,MAT GL  ,กระจกใส 222x1012 T5.0,,แผ่น,,,
614,GL50222x237,MAT GL  ,กระจกใส 222x237 T5.0,,แผ่น,,,
615,GL50222X362,MAT GL,กระจกใส 222x362 T5.0,,แผ่น,,,
616,GL50224x414,MAT GL,กระจกใส 224x414 T5.0,,แผ่น,,,
617,GL50224x514,MAT GL,กระจกใส 224x514 T5.0,,แผ่น,,,
618,GL50227x282,MAT GL,กระจกใส 227x282 T5.0,,แผ่น,,,
619,GL50227x422,MAT GL  ,กระจกใส 227x422 T5.0,,แผ่น,,,
620,GL50229x284,MAT GL,กระจกใส 229x284 T5.0,,แผ่น,,,
621,GL50232x332,MAT GL  ,กระจกใส 232x332 T5.0,,แผ่น,,,
622,GL50232x377,MAT GL  ,กระจกใส 232x377 T5.0,,แผ่น,,,
623,GL50232x412,MAT GL  ,กระจกใส 232x412 T5.0,,แผ่น,,,
624,GL50234x334,MAT GL,กระจกใส 234x334 T 5.0,,แผ่น,,,
625,GL50232x512,MAT GL,กระจกใส 232x512 T 5.0,,แผ่น,,,
626,GL50237.5x335,MAT GL,กระจกใส 237.5x335 T5.0,,แผ่น,,,
627,GL50237x512,MAT GL,กระจกใส 237x512 T5.0,,แผ่น,,,
628,GL50240x250,MAT GL,กระจกใส 240X250 T5.0,,แผ่น,,,
629,GL50242x362,MAT GL,กระจกใส 242x362 T5.0,,แผ่น,,,
630,GL50242x382,MAT GL  ,กระจกใส 242x1382 T5.0,,แผ่น,,,
631,GL50242x412,MAT GL  ,กระจกใส 242x412 T5.0,,แผ่น,,,
632,GL50242x462,MAT GL,กระจกใส 242x462 T5.0,,แผ่น,,,
633,GL50242x512,MAT GL,กระจกใส 242x512 T5.0,,แผ่น,,,
634,GL50244x344,MAT GL  ,กระจกใส 244x344 T5.0,,แผ่น,,,
635,GL50244X514,MAT GL,กระจกใส 244x514 T5.0,,แผ่น,,,
636,GL50245X435,MAT GL,กระจกใส 245x435 T5.0,,แผ่น,,,
637,GL50247x367,MAT GL  ,กระจกใส 247x367 T 5.0,,แผ่น,,,
638,GL50252x442,MAT GL,กระจกใส 252x442 T5.0,,แผ่น,,,
639,GL50252x467,MAT GL,กระจกใส 252x467 T5.0,,แผ่น,,,
640,GL50252X497,MAT GL,กระจกใส 252X497T5.0,,แผ่น,,,
641,GL50252x522,MAT GL,กระจกใส 252x522 T5.0,,แผ่น,,,
642,GL50254x514,MAT GL,กระจกใส 254x514 T5.0,,แผ่น,,,
643,GL50262x292,MAT GL,กระจกใส 262x292 T5.0,,แผ่น,,,
644,GL50262x302,MAT GL,กระจกใส 262x302 T5.0,,แผ่น,,,
645,GL50262x362,MAT GL,กระจกใส 262x362 T5.0,,แผ่น,,,
646,GL50262x377,MAT GL,กระจกใส 262x377 T5.0,,แผ่น,,,
647,GL50262X382,MAT GL,กระจกใส 262x382 T5.0,,แผ่น,,,
648,GL50262X412,MAT GL,กระจกใส 262x412 T5.0,,แผ่น,,,
649,GL50262x426,MAT GL,กระจกใส 262x426 T5.0,,แผ่น,,,
650,GL50262x432,MAT GL,กระจกใส 262x432 T5.0,,แผ่น,,,
651,GL50262x452,MAT GL,กระจกใส 262x452 T5.0,,แผ่น,,,
652,GL50262X512,MAT GL,กระจกใส 262x512 T5.0,,แผ่น,,,
653,GL50262x532,MAT GL,กระจกใส 262x532 T5.0,,แผ่น,,,
654,GL50262x552,MAT GL,กระจกใส 262x552 T5.0,,แผ่น,,,
655,GL50262x587,MAT GL,กระจกใส 262x587 T5.0,,แผ่น,,,
656,GL50262x592,MAT GL,กระจกใส 262x592 T5.0,,แผ่น,,,
657,GL50262x612,MAT GL,กระจกใส 262X612 T5.0,,แผ่น,,,
658,GL50262x702,MAT GL,กระจกใส 262x702 T5.0,,แผ่น,,,
659,GL50264x314,MAT GL,กระจกใส 264x314 T5.0,,แผ่น,,,
660,GL50264x364,MAT GL,กระจกใส 264x364 T5.0,,แผ่น,,,
661,GL50264x514,MAT GL,กระจกใส 264x514 T5.0,,แผ่น,,,
662,GL50264X564,MAT GL,กระจกใส 264x564 T5.0,,แผ่น,,,
663,GL50264x614,MAT GL  ,กระจกใส 264x614 T5.0,,แผ่น,,,
664,GL50272x287,MAT GL,กระจกใส 272x287 T5.0,,แผ่น,,,
665,GL50272x637,MAT GL,กระจกใส 272x637 T5.0,,แผ่น,,,
666,GL50272x712,MAT GL,กระจกใส 272x712 T5.0,,แผ่น,,,
667,GL50282x307,MAT GL,กระจกใส 282x307 T5.0,,แผ่น,,,
668,GL50282x337,MAT GL  ,กระจกใส 282x337 T 5.0,,แผ่น,,,
669,GL50282x992,MAT GL  ,กระจกใส 282x992 T5.0,,แผ่น,,,
670,GL50284x314,MAT GL  ,กระจกใส 284x3144 T5.0,,แผ่น,,,
671,GL50284x564,MAT GL,กระจกใส 284x564 T5.0,,แผ่น,,,
672,GL50287x1817,MAT GL,กระจกใส 287x1817 T5.0,,แผ่น,,,
673,GL50287x392,MAT GL,กระจกใส 287x392 T5.0,,แผ่น,,,
674,GL50287x452,MAT GL  ,กระจกใส 287x452 T5.0,,แผ่น,,,
675,GL50287x462,MAT GL  ,กระจกใส 287x462 T5.0,,แผ่น,,,
676,GL50288X498,MAT GL,กระจกใส 288X498 T5.0,,แผ่น,,,
677,GL50288X568,MAT GL,กระจกใส 288X568 T5.0,,แผ่น,,,
678,GL50292x327,MAT GL  ,กระจกใส 292x327 T5.0,,แผ่น,,,
679,GL50292x427,MAT GL  ,กระจกใส 292x427 T5.0,,แผ่น,,,
680,GL50292x442,MAT GL  ,กระจกใส 292x442 T5.0,,แผ่น,,,
681,GL50292X502,MAT GL,กระจกใส 292x502 T5.0,,แผ่น,,,
682,GL50292X572,MAT GL,กระจกใส 292x572 T5.0,,แผ่น,,,
683,GL50292X632,MAT GL,กระจกใส 292x632 T5.0,,แผ่น,,,
684,GL50293x536,MAT GL  ,กระจกใส 293x536 T5.0,,แผ่น,,,
685,GL50294x594,MAT GL,กระจกใส 294x594 T5.0,,แผ่น,,,
686,GL50302x478,MAT GL,กระจกใส 302x478 T5.0,,แผ่น,,,
687,GL50302x512,MAT GL,กระจกใส 302x512 T5.0,,แผ่น,,,
688,GL50302x842,MAT GL,กระจกใส 302x842 T5.0,,แผ่น,,,
689,GL50304x444,MAT GL,กระจกใส 304x444 T5.0,,แผ่น,,,
690,GL50305x536,MAT GL,กระจกใส 305x536 T5.0,,แผ่น,,,
691,GL50308X158,MAT GL,กระจกใส 308X158 T5.0,,แผ่น,,,
692,GL50308X308,MAT GL,กระจกใส 303X308 T5.0,,แผ่น,,,
693,GL50308X408,MAT GL,กระจกใส 308X408 T5.0,,แผ่น,,,
694,GL50308X508,MAT GL,กระจกใส 308x508 T5.0,,แผ่น,,,
695,GL50312x1012,MAT GL,กระจกใส 312x1012 T5.0,,แผ่น,,,
696,GL50312X212,MAT GL,กระจกใส 312X212 T5.0,,แผ่น,,,
697,GL50312x312,MAT GL,กระจกใส 312x312 T5.0,,แผ่น,,,
698,GL50312x342,MAT GL  ,กระจกใส 312x342 T5.0,,แผ่น,,,
699,GL50312X362,MAT GL,กระจกใส 312x362 T5.0,,แผ่น,,,
700,GL50312x402,MAT GL,กระจกใส312x402 T5.0,,แผ่น,,,
701,GL50312X412,MAT GL,กระจกใส 312x412 T5.0,,แผ่น,,,
702,GL50312x442,MAT GL,กระจกใส 312x442 T5.0,,แผ่น,,,
703,GL50312X452,MAT GL,กระจกใส 312x452 T5.0,,แผ่น,,,
704,GL50312x462,MAT GL  ,กระจกใส 312x462 T 5.0,,แผ่น,,,
705,GL50312x472,MAT GL  ,กระจกใส 312x472 T5.0,,แผ่น,,,
706,GL50312x512,MAT GL,กระจกใส 312x512 T5.0,,แผ่น,,,
707,GL50312x532,MAT GL,กระจกใส 312x532 T5.0,,แผ่น,,,
708,GL50312x562,MAT GL,กระจกใส 312x562 T5.0,,แผ่น,,,
709,GL50312x612,MAT GL,กระจกใส 312x612 T5.0,,แผ่น,,,
710,GL50312x662,MAT GL,กระจกใส 312x662 T 5.0,,แผ่น,,,
711,GL50312x762,MAT GL  ,กระจกใส 312x762 T5.0,,แผ่น,,,
712,GL50312x912,MAT GL,กระจกใส 312x912 T5.0,,แผ่น,,,
713,GL50314x1114,MAT GL,กระจกใส 314x1114 T 5.0,,แผ่น,,,
714,GL50314x364,MAT GL,กระจกใส 314x364 T5.0,,แผ่น,,,
715,GL50314x414,MAT GL,กระจกใส 314x414 T5.0,,แผ่น,,,
716,GL50314x454,MAT GL,กระจกใส 314x454 T5.0,,แผ่น,,,
717,GL50314x464,MAT GL  ,กระจกใส 314x464 T5.0,,แผ่น,,,
718,GL50314x514,MAT GL,กระจกใส 314x514 T5.0,,แผ่น,,,
719,GL50314x614,MAT GL,กระจกใส 314x614 T5.0,,แผ่น,,,
720,GL50314x714,MAT GL,กระจกใส 314x714 T5.0,,แผ่น,,,
721,GL50320x1062,MAT GL,กระจกใส 320x1062 T 5.0,,แผ่น,,,
722,GL50322x462,MAT GL,กระจกใส 322x462 T5.0,,แผ่น,,,
723,GL50322X472,MAT GL,กระจกใส 322x472T5.0,,แผ่น,,,
724,GL50322x477,MAT GL,กระจกใส 322x477 T5.0,,แผ่น,,,
725,GL50322x487,MAT GL,กระจกใส 322x487 T5.0,,แผ่น,,,
726,GL50322x512,MAT GL,กระจกใส 325x512 T5.0,,แผ่น,,,
727,GL50322x517,MAT GL,กระจกใส 322x517 T5.0,,แผ่น,,,
728,GL50322x752,MAT GL,กระจกใส 322x752 T5.0,,แผ่น,,,
729,GL50322x862,MAT GL,กระจกใส 322x862 T5.0,,แผ่น,,,
730,GL50322x887,MAT GL,กระจกใส 322x887 T5.0,,แผ่น,,,
731,GL50324X569,MAT GL,กระจกใส 324x569 T5.0,,แผ่น,,,
732,GL50325x550,MAT GL,กระจกใส 325x550 T5.0,,แผ่น,,,
733,GL50325x556,MAT GL  ,กระจกใส 325x556 T 5.0,,แผ่น,,,
734,GL50327x552,MAT GL,กระจกใส 327x552 T5.0,,แผ่น,,,
735,GL50327x557,MAT GL,กระจกใส 327x557 T5.0,,แผ่น,,,
736,GL50329x599,MAT GL  ,กระจกใส 329x599 T5.0,,แผ่น,,,
737,GL50332x1112,MAT GL,กระจกใส 322x1112 T3.0,,แผ่น,,,
738,GL50332x1162,MAT GL,กระจกใส 332x1162 T5.0,,แผ่น,,,
739,GL50332X572,MAT GL,กระจกใส 332x572 T5.0,,แผ่น,,,
740,GL50333x653,MAT GL  ,กระจกใส 333x653 T5.0,,แผ่น,,,
741,GL50334X234,MAT GL,กระจกใส 334X234 T5.0,,แผ่น,,,
742,GL50334x354,MAT GL,กระจกใส 334x354 T5.0,,แผ่น,,,
743,GL50334x484,MAT GL,กระจกใส 334x484 T5.0,,แผ่น,,,
744,GL50336X486,MAT GL,กระจกใส 336x486 T5.0,,แผ่น,,,
745,GL50337x382,MAT GL,กระจกใส 337x382 T5.0,,แผ่น,,,
746,GL50337x412,MAT GL,กระจกใส 337x412 T5.0,,แผ่น,,,
747,GL50337x462,MAT GL,กระจกใส 337x462 T5.0,,แผ่น,,,
748,GL50337X747,MAT GL,กระจกใส337x747 T5.0,,แผ่น,,,
749,GL50338X608,MAT GL,กระจกใส 338x608 T5.0,,แผ่น,,,
750,GL50342X1062,MAT GL,กระจกใส 342X1062 T5.0,,แผ่น,,,
751,GL50342X1612,MAT GL,กระจกใส 342X1612 T5.0,,แผ่น,,,
752,GL50342X212,MAT GL,กระจกใส 342x212 T5.0,,แผ่น,,,
753,GL50342x362,MAT GL,กระจกใส 342x362 T5.0,,แผ่น,,,
754,GL50342X412,MAT GL,กระจกใส 342X412 T5.0,,แผ่น,,,
755,GL50342x612,MAT GL,กระจกใส 342x612 T5.0,,แผ่น,,,
756,GL50344x389,MAT GL,กระจกใส 344x389 T5.0,,แผ่น,,,
757,GL50344x714,MAT GL,กระจกใส 344x714 T5.0,,แผ่น,,,
758,GL50344x794,MAT GL,กระจกใส 344x794 T5.0,,แผ่น,,,
759,GL50351x432,MAT GL,กระจกใส 351x432 T5.0,,แผ่น,,,
760,GL50352x687,MAT GL  ,กระจกใส 352x687 T5.0,,แผ่น,,,
761,GL50354x864,MAT GL  ,กระจกใส 354x864 T5.0,,แผ่น,,,
762,GL50357x432,MAT GL  ,กระจกใส 357x432 T5.0,,แผ่น,,,
763,GL50358X408,MAT GL,กระจกใส 358X408T5.0,,แผ่น,,,
764,GL50362x362,MAT GL,กระจกใส 362x362 T5.0,,แผ่น,,,
765,GL50362x412,MAT GL,กระจกใส 362x412 T5.0,,แผ่น,,,
766,GL50362x442,MAT GL,กระจกใส 362x442 T5.0,,แผ่น,,,
767,GL50362x492,MAT GL,กระจกใส 362x492 T 5.0,,แผ่น,,,
768,GL50362x512,MAT GL,กระจกใส 362x512 T5.0,,แผ่น,,,
769,GL50362x532,MAT GL,กระจกใส 362x532 T5.0,,แผ่น,,,
770,GL50362x572,MAT GL,กระจกใส 362x572 T5.0,,แผ่น,,,
771,GL50362x582,MAT GL,กระจกใส 362x582 T5.0,,แผ่น,,,
772,GL50362X612,MAT GL,กระจกใส 362x612 T5.0,,แผ่น,,,
773,GL50362X662,MAT GL,กระจกใส 362X662 T5.0,,แผ่น,,,
774,GL50362x712,MAT GL,กระจกใส 362x712 T5.0,,แผ่น,,,
775,GL50362x763,MAT GL,กระจกใส 362X763 T5.0,,แผ่น,,,
776,GL50362X812,MAT GL,กระจกใส 362x812 T5.0,,แผ่น,,,
777,GL50362x863,MAT GL,กระจกใส 362X863 T5.0,,แผ่น,,,
778,GL50364x414,MAT GL,กระจกใส 364x414 T5.0,,แผ่น,,,
779,GL50364x464,MAT GL,กระจกใส 364x464 T5.0,,แผ่น,,,
780,GL50364x714,MAT GL,กระจกใส 364x714 T5.0,,แผ่น,,,
781,GL50364x754,MAT GL,กระจกใส 364x754 T5.0,,แผ่น,,,
782,GL50364x764,MAT GL  ,กระจกใส 364x764 T5.0,,แผ่น,,,
783,GL50364x914,MAT GL,กระจกใส 364x914 T5.0,,แผ่น,,,
784,GL50367x432,MAT GL  ,กระจกใส 367x432 T5.0,,แผ่น,,,
785,GL50372X582,MAT GL,กระจกใส 372x582 T5.0,,แผ่น,,,
786,GL50372x592,MAT GL,กระจกใส 372x592 T5.0,,แผ่น,,,
787,GL50372X652,MAT GL,กระจกใส 372X652 T5.0,,แผ่น,,,
788,GL50372x742,MAT GL,กระจกใส 372x742 T5.0,,แผ่น,,,
789,GL50372x762,MAT GL,กระจกใส 372x762 T5.0,,แผ่น,,,
790,GL50372x777,MAT GL,กระจกใส 372x777 T5.0,,แผ่น,,,
791,GL50372X852,MAT GL,กระจกใส 372X852 T5.0,,แผ่น,,,
792,GL50372x912,MAT GL,กระจกใส 372x912 T5.0,,แผ่น,,,
793,GL50372x962,MAT GL,กระจกใส 372x962 T5.0,,แผ่น,,,
794,GL50372x977,MAT GL,กระจกใส 372x977 T5.0,,แผ่น,,,
795,GL50374x394,MAT GL,กระจกใส 374x394 T5.0,,แผ่น,,,
796,GL50377x442,MAT GL,กระจกใส 377x442 T5.0,,แผ่น,,,
797,GL50377x492,MAT GL,กระจกใส 377x492 T5.0,,แผ่น,,,
798,GL50382x477,MAT GL  ,กระจกใส 382x477 T5.0,,แผ่น,,,
799,GL50382x512,MAT GL,กระจกใส 382x512 T5.0,,แผ่น,,,
800,GL50382x527,MAT GL,กระจกใส 382x527 T5.0,,แผ่น,,,
801,GL50382x642,MAT GL  ,กระจกใส 382x642 T5.0,,แผ่น,,,
802,GL50382x962,MAT GL,กระจกใส 382x962 T5.0,,แผ่น,,,
803,GL50386X426,MAT GL,กระจกใส 386X426 T5.0,,แผ่น,,,
804,GL50387x1837,MAT GL,กระจกใส 387x1837 T5.0,,แผ่น,,,
805,GL50388X1008,MAT GL,กระจกใส 388X1008 T5.0,,แผ่น,,,
806,GL50392x1482,MAT GL  ,กระจกใส 392x1482 T5.0,,แผ่น,,,
807,GL50392x457,MAT GL,กระจกใส 392x457 T5.0,,แผ่น,,,
808,GL50392x712,MAT GL,กระจกใส 392x712 T5.0,,แผ่น,,,
809,GL50392x862,MAT GL,กระจกใส 392x862 T5.0,,แผ่น,,,
810,GL50394x464,MAT GL  ,กระจกใส 394x464 T5.0,,แผ่น,,,
811,GL50394x714,MAT GL,กระจกใส 394x714 T5.0,,แผ่น,,,
812,GL50402x687,MAT GL,กระจกใส 402x687 T5.0,,แผ่น,,,
813,GL50402X712,MAT GL,กระจก ใส402x712 T5.0,,แผ่น,,,
814,GL50402x717,MAT GL,กระจกใส 402x717 T5.0,,แผ่น,,,
815,GL50404x564,MAT GL  ,กระจกใส 404x564 T5.0,,แผ่น,,,
816,GL50404x614,MAT GL,กระจกใส 404x614 T5.0,,แผ่น,,,
817,GL50407x1640,MAT GL,กระจกใส 407X1640 T5.0,,แผ่น,,,
818,GL50408X478,MAT GL,กระจกใส 408X478 T5.0,,แผ่น,,,
819,GL50412x1006,MAT GL,กระจกใส 412X1006 T5.0,,แผ่น,,,
820,GL50412x1262,MAT GL,กระจกใส 412x1262 T5.0,,แผ่น,,,
821,GL50412x1382,MAT GL  ,กระจกใส 412x1382 T5.0,,แผ่น,,,
822,GL50412x1802,MAT GL,กระจกใส 412x1802 T5.0,,แผ่น,,,
823,GL50412x1817,MAT GL,กระจกใส 412x1817 T5.0,,แผ่น,,,
824,GL50412x1837,MAT GL,กระจกใส 412x1837 T5.0,,แผ่น,,,
825,GL50412x417,MAT GL,กระจกใส 412x417 T5.0,,แผ่น,,,
826,GL50412X442,MAT GL,กระจกใส 412x442 T5.0,,แผ่น,,,
827,GL50412x462,MAT GL,กระจกใส 412X462 T5.0,,แผ่น,,,
828,GL50412X482,MAT GL,กระจกใส 412x482 T5.0,,แผ่น,,,
829,GL50412x492,MAT GL,กระจกใส 412x492 T5.0,,แผ่น,,,
830,GL50412x512,MAT GL,กระจกใส 412x512 T5.0,,แผ่น,,,
831,GL50412x537,MAT GL,กระจกใส 412x537 T5.0,,แผ่น,,,
832,GL50412x547,MAT GL,กระจกใส 412x547 T5.0,,แผ่น,,,
833,GL50412x562,MAT GL,กระจกใส 412x562 T5.0,,แผ่น,,,
834,GL50412X612,MAT GL,กระจกใส 412x612 T5.0,,แผ่น,,,
835,GL50412x627,MAT GL,กระจกใส 412x627 T5.0,,แผ่น,,,
836,GL50412x642,MAT GL  ,กระจกใส 412x642 T5.0,,แผ่น,,,
837,GL50412x662,MAT GL  ,กระจกใส 412X662 T5.0,,แผ่น,,,
838,GL50412x712,MAT GL,กระจกใส 412x712 T 5.0,,แผ่น,,,
839,GL50412x747,MAT GL,กระจกใส 412x747 T5.0,,แผ่น,,,
840,GL50412x752,MAT GL,กระจกใส 412x752 T5.0,,แผ่น,,,
841,GL50412x762,MAT GL  ,กระจกใส 412x762 T5.0,,แผ่น,,,
842,GL50412X812,MAT GL,กระจกใส 412x812 T5.0,,แผ่น,,,
843,GL50412x827,MAT GL,กระจกใส 412x827 T5.0,,แผ่น,,,
844,GL50412x872,MAT GL,กระจกใส 412x872 T5.0,,แผ่น,,,
845,GL50412X912,MAT GL,กระจกใส 412x912 T5.0,,แผ่น,,,
846,GL50414x364,MAT GL,กระจกใส 414x364 T5.0,,แผ่น,,,
847,GL50414x514,MAT GL,กระจกใส 414x514 T 5.0,,แผ่น,,,
848,GL50414x574,MAT GL,กระจกใส 414x574 T5.0,,แผ่น,,,
849,GL50414x594,MAT GL,กระจกใส 414x594 T5.0,,แผ่น,,,
850,GL50414x664,MAT GL,กระจกใส 414x664 T 5.0,,แผ่น,,,
851,GL50414x682,MAT GL,กระจกใส 414x682 T5.0,,แผ่น,,,
852,GL50414x714,MAT GL,กระจกใส 414x714 T5.0,,แผ่น,,,
853,GL50414x744,MAT GL,กระจกใส 414x744 T5.0,,แผ่น,,,
854,GL50414x764,MAT GL  ,กระจกใส 414x764 T5.0,,แผ่น,,,
855,GL50414x794,MAT GL,กระจกใส 414x794 T5.0,,แผ่น,,,
856,GL50419x442,MAT GL,กระจกใส  419x442 T5.0,,แผ่น,,,
857,GL50422x562,MAT GL,กระจกใส 422x562 T 5.0,,แผ่น,,,
858,GL50422x762,MAT GL,กระจกใส 422x762 T5.0,,แผ่น,,,
859,GL50422x912,MAT GL,กระจก ใส 422x912 T5.0,,แผ่น,,,
860,GL50426X386,MAT GL,กระจกใส 426x386 T5.0,,แผ่น,,,
861,GL50426X886,MAT GL,กระจกใส 426x886 T5.0,,แผ่น,,,
862,GL50427x597,MAT GL,กระจกใส 427X597 T5.0,,แผ่น,,,
863,GL50429x1274,MAT GL,กระจกใส 429x1274 T5.0,,แผ่น,,,
864,GL50432x1032,MAT GL  ,กระจกใส  432x1032 T5.0,,แผ่น,,,
865,GL50432x1412,MAT GL,กระจกใส 432x412 T5.0,,แผ่น,,,
866,GL50432x632,MAT GL,กระจกใสl 432x632 T 5.0,,แผ่น,,,
867,GL50432x712,MAT GL  ,กระจกใส  432x712 T5.0,,แผ่น,,,
868,GL50434X634,MAT GL,กระจกใส 434X634 T5.0,,แผ่น,,,
869,GL50437X647,MAT GL,กระจกใส  437X647 T5.0,,แผ่น,,,
870,GL50437x732,MAT GL,กระจกใส 437x732 T5.0,,แผ่น,,,
871,GL50439x854,MAT GL,กระจกใส 439x854 T5.0,,แผ่น,,,
872,GL50442X1187,MAT GL,กระจกใส 442x1187 T5.0,,แผ่น,,,
873,GL50442x1212,MAT GL,กระจกใส 442x1212 T5.0,,แผ่น,,,
874,GL50442x572,MAT GL,กระจกใส 442x572 T5.0,,แผ่น,,,
875,GL50442x688,MAT GL,กระจกใส 442x688 T5.0,,แผ่น,,,
876,GL50442x912,MAT GL  ,กระจกใส 442x912 T5.0,,แผ่น,,,
877,GL50442X962,MAT GL,กระจกใส 442x962 T5.0,,แผ่น,,,
878,GL50444x574,MAT GL,กระจกใส 444x574 T5.0,,แผ่น,,,
879,GL50444x914,MAT GL,กระจกใส 444x914 T5.0,,แผ่น,,,
880,GL50452x447,MAT GL  ,กระจกใส 452x447 T5.0,,แผ่น,,,
881,GL50452x467,MAT GL  ,กระจกใส 452x467 T5.0,,แผ่น,,,
882,GL50452x522,MAT GL,กระจกใส 452x522 T5.0,,แผ่น,,,
883,GL50452x562,MAT GL  ,กระจกใส 452x562 T5.0,,แผ่น,,,
884,GL50452x632,MAT GL,กระจกใส 452x632 T5.0,,แผ่น,,,
885,GL50452x762,MAT GL,กระจกใส 452x762 T5.0,,แผ่น,,,
886,GL50452X912,MAT GL,กระจกใส 452x912 T5.0,,แผ่น,,,
887,GL50452X917,MAT GL,กระจกใส 452x917 T5.0,,แผ่น,,,
888,GL50454X634,MAT GL,กระจกใส 454x634 T5.0,,แผ่น,,,
889,GL50458X1033,MAT GL,กระจกใส 458X1033 T5.0,,แผ่น,,,
890,GL50458X1228,MAT GL,กระจกใส 458X1228 T5.0,,แผ่น,,,
891,GL50458x708,MAT GL,กระจก ใส 458x708 T5.0,,แผ่น,,,
892,GL50458X733,MAT GL,กระจกใส 458X733 T5.0,,แผ่น,,,
893,GL50462x1012,MAT GL,กระจกใส 462x1012 T5.0,,แผ่น,,,
894,GL50462x1017,MAT GL,กระจกใส 462x1017 T5.0   ,,แผ่น,,,
895,GL50462x1042,MAT GL,กระจกใส 462x1042 T5.0  ,,แผ่น,,,
896,GL50462x1112,MAT GL,กระจกใส 462x1112 T5.0,,แผ่น,,,
897,GL50462x1162,MAT GL,กระจกใส 462x1162 T5.0,,แผ่น,,,
898,GL50462x512,MAT GL,กระจกใส 462x512 T5.0,,แผ่น,,,
899,GL50462x552,MAT GL  ,กระจกใส 462x552 T5.0,,แผ่น,,,
900,GL50462X612,MAT GL,กระจกใส 462X612 T50,,แผ่น,,,
901,GL50462x662,MAT GL,กระจกใส 462x662 T5.0,,แผ่น,,,
902,GL50462x712,MAT GL,กระจกใส 462x712 T5.0,,แผ่น,,,
903,GL50462x762,MAT GL,กระจกใส 462x762 T5.0,,แผ่น,,,
904,GL50462x812,MAT GL,กระจกใส 462x812 T5.0,,แผ่น,,,
905,GL50462x862,MAT GL,กระจกใส 462x862 T5.0  ,,แผ่น,,,
906,GL50462X962,MAT GL,กระจกใส 462X962 T5.0,,แผ่น,,,
907,GL50462x962,MAT GL,กระจกใส 462x962 T5.0   ,,แผ่น,,,
908,GL50463x614,MAT GL,กระจกใส 463x614 T5.0,,แผ่น,,,
909,GL50464x664,MAT GL  ,กระจกใส 464x664 T5.0,,แผ่น,,,
910,GL50464x914,MAT GL,กระจกใส 464x914 T5.0,,แผ่น,,,
911,GL50472X812,MAT GL,กระจกใส 472x812 T5.0,,แผ่น,,,
912,GL50472x897,MAT GL,กระจกใส 472x897 T5.0,,แผ่น,,,
913,GL50472x972,MAT GL  ,กระจกใส 472x972 T5.0,,LOT,,,
914,GL50482x612,MAT GL,กระจกใส 482x612 T 5.0,,แผ่น,,,
915,GL50486X926,MAT GL,กระจกใส 486x926 T5.0,,แผ่น,,,
916,GL50486X936,MAT GL,กระจกใส 486x936 T5.0,,แผ่น,,,
917,GL50486x986,MAT GL,กระจกใส 486x986 T5.0,,แผ่น,,,
918,GL50487x1077,MAT GL,กระจกใส 487x1077 T5.0,,แผ่น,,,
919,GL50488X1083,MAT GL,กระจกใส 488X1083 T5.0,,แผ่น,,,
920,GL50492x1062,MAT GL,กระจกใส 492x1062 T5.0,,แผ่น,,,
921,GL50492x1152,MAT GL,กระจกใส 492x1152 T 5.0,,แผ่น,,,
922,GL50492x562,MAT GL,กระจกใส 492x562 T5.0,,แผ่น,,,
923,GL50492x912,MAT GL  ,กระจกใส 492x912 T5.0,,แผ่น,,,
924,GL50492x922,MAT GL  ,กระจกใส  492X922 T5.0,,แผ่น,,,
925,GL50492X962,MAT GL,กระจกใส  492x962 T5.0,,แผ่น,,,
926,GL50492x972,MAT GL,กระจกใส 492x972 T5.0,,แผ่น,,,
927,GL50494x914,MAT GL,กระจกใส 494x914 T5.0,,แผ่น,,,
928,GL50502X632,MAT GL,กระจกใส 502x632 T5.0,,แผ่น,,,
929,GL50502x892,MAT GL,กระจกใส 502x892 T5.0,,แผ่น,,,
930,GL50502x979.5,MAT GL  ,กระจกใส 502x979.5 T5.0,,แผ่น,,,
931,GL50507x1952,MAT GL,กระจกใส 507x1952 T5.0,,แผ่น,,,
932,GL50508X708,MAT GL,กระจกใส 508x708 T5.0,,แผ่น,,,
933,GL50512x1012,MAT GL,กระจกใส 512x1012 T5.0,,แผ่น,,,
934,GL50512X1112,MAT GL,กระจกใส 512x1112 T5.0,,แผ่น,,,
935,GL50512x1145,MAT GL,กระจกใส 512x1145 T5.0,,แผ่น,,,
936,GL50512x1262,MAT GL,กระจกใส 512x1262 T5.0,,แผ่น,,,
937,GL50512X512,MAT GL,กระจกใส 512x512 T5.0,,แผ่น,,,
938,GL50512x532,MAT GL  ,กระจกใส  512x532 T5.0,,แผ่น,,,
939,GL50512X562,MAT GL,กระจกใส 512x562 T5.0,,แผ่น,,,
940,GL50512x612,MAT GL,กระจกใส 512x612 T5.0,,แผ่น,,,
941,GL50512x657,MAT GL,กระจกใส 512x657 T5.0,,แผ่น,,,
942,GL50512X712,MAT GL,กระจกใส 512x712 T5.0,,แผ่น,,,
943,GL50512x737,MAT GL,กระจกใส 512x737 T5.0,,แผ่น,,,
944,GL50512x742,MAT GL,กระจกใส 512x742 T5.0,,แผ่น,,,
945,GL50512X762,MAT GL,กระจกใส 512x762 T5.0,,แผ่น,,,
946,GL50512X792,MAT GL,กระจกใส 712x792 T5.0,,แผ่น,,,
947,GL50512X812,MAT GL,กระจกใส512x812 T5.0,,แผ่น,,,
948,GL50512X862,MAT GL,กระจกใส512x862 T5.0,,แผ่น,,,
949,GL50512X872,MAT GL,กระจกใส 512x872 T5.0,,แผ่น,,,
950,GL50512x887,MAT GL,กระจกใส 512x887 T5.0,,แผ่น,,,
951,GL50512X912,MAT GL,กระจกใส 512x912 T5.0,,แผ่น,,,
952,GL50512x922,MAT GL,กระจกใส 512x922 T5.0,,แผ่น,,,
953,GL50512x947,MAT GL,กระจกใส 512x947 T5.0,,แผ่น,,,
954,GL50512x962,MAT GL,กระจกใส 512x962 T5.0,,แผ่น,,,
955,GL50512X972,MAT GL,กระจกใส 512x972 T5.0,,แผ่น,,,
956,GL50514x1014,MAT GL,กระจกใส 514x1014 T5.0,,แผ่น,,,
957,GL50514x614,MAT GL,กระจกใส 514x614 T5.0,,แผ่น,,,
958,GL50514x737,MAT GL,กระจกใส 514x737 T5.0,,แผ่น,,,
959,GL50514x739,MAT GL,กระจกใส 514x739 T5.0,,แผ่น,,,
960,GL50514x764,MAT GL,กระจกใส 514x764 T5.0,,แผ่น,,,
961,GL50514x864,MAT GL,กระจกใส  514x864 T5.0,,แผ่น,,,
962,GL50514x914,MAT GL,กระจกใส  514x914 T5.0,,แผ่น,,,
963,GL50514x964,MAT GL,กระจกใส  514x964 T5.0,,แผ่น,,,
964,GL50522X1062,MAT GL,กระจกใส 522X1062 T5.0,,แผ่น,,,
965,GL50530x710,MAT GL,กระจกใส 530x710 T5.0,,แผ่น,,,
966,GL50532x1022,MAT GL,กระจกใส 532x1022 T5.0,,แผ่น,,,
967,GL50532x637,MAT GL,กระจกใส 532x637 T5.0,,แผ่น,,,
968,GL50532x642,MAT GL,กระจกใส 532x642 T5.0,,แผ่น,,,
969,GL50532x812,MAT GL,กระจกใส 532x812 T5.0,,แผ่น,,,
970,GL50534x594,MAT GL,กระจกใส 534x594 T5.0,,แผ่น,,,
971,GL50538X1258,MAT GL,กระจกใส 538X1258 T5.0,,แผ่น,,,
972,GL50542x1012,MAT GL,กระจกใส 542x1012 T5.0,,แผ่น,,,
973,GL50542x1117,MAT GL,กระจกใส 542x1117 T5.0,,แผ่น,,,
974,GL50542x1162,MAT GL,กระจกใส 542x1162 T5.0,,แผ่น,,,
975,GL50543x1013,MAT GL,กระจกใส 543x1013 T5.0,,แผ่น,,,
976,GL50547x1437,MAT GL  ,กระจกใส 547x1437 T 5.0,,แผ่น,,,
977,GL50547x1587,MAT GL,กระจกใส 547x1587 T5.0,,แผ่น,,,
978,GL50547x812,MAT GL,กระจกใส 547x812 T5.0,,แผ่น,,,
979,GL50552x1312,MAT GL  ,กระจกใส 552x1312 T5.0,,แผ่น,,,
980,GL50562x1012,MAT GL  ,กระจกใส 562x1012 T5.0,,แผ่น,,,
981,GL50562x1017,MAT GL,กระจกใส 562x1017 T5.0,,แผ่น,,,
982,GL50562X1342,MAT GL,กระจกใส 562x1342 T5.0,,แผ่น,,,
983,GL50562X512,MAT GL,กระจกใส 562x512 T5.0,,แผ่น,,,
984,GL50562X812,MAT GL,กระจกใส 562x812 T5.0,,แผ่น,,,
985,GL50562x912,MAT GL  ,กระจกใส 562x912 T 5.0,,แผ่น,,,
986,GL50562x922,MAT GL  ,กระจกใส 562x922 T5.0,,แผ่น,,,
987,GL50562X962,MAT GL,กระจกใส5 62X962 T5.0,,แผ่น,,,
988,GL50564x714,MAT GL,กระจกใส 564x714 T5.0,,แผ่น,,,
989,GL50570X1155,MAT GL,กระจกใส 570x1155 T5.0,,แผ่น,,,
990,GL50572x622,MAT GL  ,กระจกใส 572x622 T5.0,,แผ่น,,,
991,GL50572x762,MAT GL  ,กระจกใส 572x762 T5.0,,แผ่น,,,
992,GL50582x762,MAT GL  ,กระจกใส 582x762 T5.0,,แผ่น,,,
993,GL50588X1088,MAT GL,กระจกใส 588X1088 T5.0,,แผ่น,,,
994,GL50594x614,MAT GL,กระจกใส 594x614 T5.0,,แผ่น,,,
995,GL50594x814,MAT GL,กระจกใส 594x814 T5.0,,แผ่น,,,
996,GL50602X1122,MAT GL,กระจกใส602x1122 T5.0,,แผ่น,,,
997,GL50602X1182,MAT GL,กระจกใส 602x1182 T5.0,,แผ่น,,,
998,GL50612x1022,MAT GL,กระจกใส 612x1022 T5.0,,แผ่น,,,
999,GL50612X1032,MAT GL,กระจกใส 612x1032 T5.0,,แผ่น,,,
1000,GL50612x1047,MAT GL,กระจกใส 612x1047 T5.0,,แผ่น,,,
1001,GL50612x1112,MAT GL,กระจกใส 612x1112 T5.0,,แผ่น,,,
1002,GL50612x1312,MAT GL,กระจกใส 612x1312 T5.0,,แผ่น,,,
1003,GL50612x1837,MAT GL  ,กระจกใส  612x1837 T5.0,,แผ่น,,,
1004,GL50612X412,MAT GL,กระจกใส 612X412 T5.0,,แผ่น,,,
1005,GL50612x712,MAT GL,กระจก ใส 612x712 T5.0,,แผ่น,,,
1006,GL50612x732,MAT GL,กระจกใส 612x732 T5.0,,แผ่น,,,
1007,GL50612x782,MAT GL  ,กระจกใส 612x782 T 5.0,,แผ่น,,,
1008,GL50612X812,MAT GL  ,กระจกใส 612X812 T5.0,,แผ่น,,,
1009,GL50612X892,MAT GL,กระจกใส 612X892 T5.0,,แผ่น,,,
1010,GL50612X912,MAT GL,กระจกใส 612x912 T5.0,,แผ่น,,,
1011,GL50612X992,MAT GL,กระจกใส 612x992 T5.0,,แผ่น,,,
1012,GL50614x1410,MAT GL,กระจกใส 612x1410 T5.0,,แผ่น,,,
1013,GL50614x714,MAT GL,กระจกใส 614x714 T5.0,,แผ่น,,,
1014,GL50630x1010,MAT GL,กระจกใส 630x1010T5.0,,แผ่น,,,
1015,GL50636x936,MAT GL,กระจกใส 636x936 T5.0,,แผ่น,,,
1016,GL50642x867,MAT GL  ,กระจกใส 642x867 T5.0,,แผ่น,,,
1017,GL50645x1205,MAT GL,กระจกใส 645x1205 T5.0,,แผ่น,,,
1018,GL50662X992,MAT GL,กระจกใส 662x992 T5.0 ,,แผ่น,,,
1019,GL50686X886,MAT GL,กระจกใส 686x886 T5.0,,แผ่น,,,
1020,GL50686x936,MAT GL  ,กระจกใส 686x936 T5.0,,แผ่น,,,
1021,GL50710x1305,MAT GL  ,กระจกใส 710x1305 T5.0,,แผ่น,,,
1022,GL50712x712,MAT GL,กระจกใส 712x712 T 5.0,,แผ่น,,,
1023,GL50712x812,MAT GL,กระจกใส 712x816 T 5.0,,แผ่น,,,
1024,GL50712X912,MAT GL,กระจกใส 712x912T5.0,,แผ่น,,,
1025,GL50764x1064,MAT GL,กระจกใส 764x1064 T5.0,,แผ่น,,,
1026,GL50785x1410,MAT GL,กระจกใส 785X1410 T5.0,,แผ่น,,,
1027,GL5084x204,MAT GL,กระจกใส 84x204 T5.0,,แผ่น,,,
1028,GL50850x1360,MAT GL,กระจกใส 850X1360 T5.0,,แผ่น,,,
1029,GL50850x886,MAT GL,กระจกใส 850X886 T5.0,,แผ่น,,,
1030,GL5088x263,MAT GL,กระจกใส 88x263 T 5.0,,แผ่น,,,
1031,GL50929X632,MAT GL,กระจกใส 929X632 T5.0,,แผ่น,,,
1032,GL5096x196,MAT GL,กระจกใส  96x196 T5.0,,แผ่น,,,
1033,GL5096x206,MAT GL  ,กระจกใส 96x206 T5.0,,แผ่น,,,
1034,GLN50362x612,MAT GL,กระจกลวด 362X612 T5.0,,แผ่น,,,
1035,GLN50362x812,MAT GL,กระจกลวด 362X812 T5.0,,แผ่น,,,
1036,GLN60103X268,MAT GL,กระจกลวด 103X268 T6.0,,แผ่น,,,
1037,GLN60133X228,MAT GL,กระจกลวด 133x228 T6.0,,แผ่น,,,
1038,GLN60140x220,MAT GL  ,กระจกลวด 140x220 T6.0,,แผ่น,NCRJ631539,,
1039,GLN60150X230,MAT GL,กระจกลวด 150X230 T6.0,,แผ่น,STOCK,,
1040,GLN60151x231,MAT GL  ,กระจกลวด 151x231 T6.0,,แผ่น,,,
1041,GLN60152x232,MAT GL,กระจกลวด 152x232 T6.0,,แผ่น,,,
1042,GLN60152x235,MAT GL  ,กระจกลวด 152x235 T6.0,,แผ่น,,,
1043,GLN60154x234,MAT GL,กระจกลวด 154x234 T6.0,,แผ่น,,,
1044,GLN60160x260,MAT GL,กระจกลวด 160x260 T6.0,,แผ่น,,,
1045,GLN60162x242,MAT GL  ,กระจกลวด 162x242 T6.0,,แผ่น,,,
1046,GLN60162x262,MAT GL,กระจกลวด 162x262 T6.0,,แผ่น,,,
1047,GLN60180x230,MAT GL,กระจกลวด 180x230 T6.0,,แผ่น,,,
1048,GLN60190X290,MAT GL,กระจกลวด 190X290 T6.0,,แผ่น,STOCK,,
1049,GLN60190x390,MAT GL,กระจกลวด 190x390 T6.0,,แผ่น,,,
1050,GLN60192x292,MAT GL  ,กระจกลวด 192x292 T6.0,,แผ่น,,,
1051,GLN60210x460,MAT GL  ,กระจกลวด 210x460 T6.0,,แผ่น,NCRJ630304,,
1052,GLN60212x312,MAT GL  ,กระจกลวด 212x312 T6.0,,แผ่น,,,
1053,GLN60212x412,MAT GL  ,กระจกลวด 212x412 T6.0,,แผ่น,,,
1054,GLN60212x462,MAT GL  ,กระจกลวด 212x462 T6.0,,แผ่น,,,
1055,GLN60220x320,MAT GL  ,กระจกลวด 220x320 T6.0,,แผ่น,,,
1056,GLN60222x322,MAT GL  ,กระจกลวด 222x322 T6.0,,แผ่น,,,
1057,GLN60228X328,MAT GL,กระจกลวด 228X328 T6.0,,แผ่น,,,
1058,GLN60230X330,MAT GL,กระจกลวด 230x330 T6.0,,แผ่น,,,
1059,GLN60230x360,MAT GL  ,กระจกลวด 230x360 T6.0,,แผ่น,,,
1060,GLN60232x332,MAT GL,กระจกลวด 232x332 T6.0,,แผ่น,,,
1061,GLN60232x362,MAT GL,กระจกลวด 232x362 T6.0,,แผ่น,,,
1062,GLN60232x392,MAT GL,กระจกลวด 232x392 T6.0,,แผ่น,,,
1063,GLN60250x600,MAT GL,กระจกลวด 250x600 T6.0,,แผ่น,,,
1064,GLN60258x457,MAT GL,กระจกลวด 258x457 T6.0,,แผ่น,,,
1065,GLN60260x460,MAT GL  ,กระจกลวด 260x460 T6.0,,แผ่น,STOCK,,
1066,GLN60262x362,MAT GL,กระจกลวด 262x362 T6.0,,แผ่น,,,
1067,GLN60262x462,MAT GL  ,กระจกลวด 262x462 T6.0,,แผ่น,,,
1068,GLN60264x464,MAT GL,กระจกลวด 264x464 T6.0,,แผ่น,,,
1069,GLN60290x410,MAT GL,กระจกลวด 290x410 T6.0,,แผ่น,,,
1070,GLN60300x500,MAT GL,กระจกลวด 300x500 T6.0,,แผ่น,,,
1071,GLN60302x502,MAT GL,กระจกลวด 302x502 T6.0,,แผ่น,,,
1072,GLN60310X515,MAT GL,กระจกลวด 310x515 T6.0,,แผ่น,,,
1073,GLN60312x452,MAT GL,กระจกลวด 312x452 T6.0,,แผ่น,STOCK,,
1074,GLN60312x517,MAT GL,กระจกลวด 312x517 T6.0,,แผ่น,,,
1075,GLN60320x525,MAT GL  ,กระจกลวด 320x525 T6.0,,แผ่น,,,
1076,GLN60515X310,MAT GL,กระจกลวด 515x310 T6.0,,แผ่น,,,
1077,GLS50228X328,MAT GL,กระจกเซฟตี้ 228x328 T5.0,,แผ่น,,,
1078,GLS50234X334,MAT GL,กระจกเซฟตี้ 234X334 T5.0,,แผ่น,STOCK,,
1079,GLS50358X408,MAT GL,กระจกเซฟตี้ 358x408T5.0,,แผ่น,,,
1080,HDJ630169,,ชุบ HOTDIP J630169 21.48kg,,LOT,,,
1081,HDJ630756,,ชุบ HOTDIP J630756 78kg,,LOT,,,
1082,HDJ630794,,ชุบ HOTDIP J630794  209kg,,LOT,,,
1083,HDJ630870,,ชุบ HOTDIP J630870  9.45kg,,LOT,,,
1084,HDJ630989,,ชุบ HOTDIP J630989  11.76kg,,LOT,,,
1085,HDJ630991,,ชุบ HOTDIP J630991  11.37kg,,LOT,,,
1086,HDJ630993,,ชุบ HOTDIP J630993  4kg,,LOT,,,
1087,HDJ631395,,ชุบ HOTDIP J631395  42.34kg,,LOT,,,
1088,HDJ631576,,ชุบ HOTDIP J631395  17kg,,LOT,,,
1089,HDJ631578,,ชุบ HOTDIP J631578 13kg,,LOT,,,
1090,HDJ631600,,ชุบ HOTDIP J631600  40kg,,LOT,,,
1091,HDJ631708,,ชุบ HOTDIP J631708  5kg,,LOT,,,
1092,HDJ631721,,ชุบ HOTDIP J631721  155kg,,LOT,,,
1093,HDJ631822,,ค่าชุบ HOTDIP J631822 90kg ,,LOT,,,
1094,HDJ640106,,ค่าชุบ HOTDIP J640106 70kg ,,LOT,,,
1095,HDJ640154,,ค่าชุบ HOTDIP J640154 110kg ,,LOT,,,
1096,HDJ640250,,ค่าชุบ HOTDIP J640250 20kg ,,LOT,,,
1097,HDJ640375,,ค่าชุบ HOTDIP J640375 30kg ,,LOT,,,
1098,HDJ640468,,ค่าชุบ HOTDIP J640468 100kg ,,LOT,,,
1099,HDJ640482,,ค่าชุบ HOTDIP J640482 4.64 kg ,,LOT,,,
1100,HDJ640483,,ค่าชุบ HOTDIP J640490 34.99 kg ,,LOT,,,
1101,HDJ640489,,ค่าชุบ HOTDIP J640489 39.95 kg ,,LOT,,,
1102,HDJ640490,,ค่าชุบ HOTDIP J640490 41.11 kg ,,LOT,,,
1103,HDJ640491,,ค่าชุบ HOTDIP J640490 39.31 kg ,,LOT,,,
1104,HDJ640581,,ค่าชุบ HOTDIP J640581 10kg ,,LOT,,,
1105,HDJ640625,,ค่าชุบ HOTDIP J640625 120kg ,,LOT,,,
1106,HDJ640747,,ค่าชุบ HOTDIP J640747 180kg ,,LOT,,,
1107,HDJ641241,,ค่าชุบ HOTDIP J641241 21.5kg ,,LOT,,,
1108,HDJ641288,,ค่าชุบ HOTDIP J641288 100 kg ,,LOT,,,
1109,HDJ641587,,ค่าชุบ HOTDIP J641587 9 kg ,,LOT,,,
1110,HDJ641986,,ค่าชุบ HOT DIP J.641986 15.80Kg.,,LOT,,,
1111,JHH10546835,PART,คานเจปรับระดับ1054x68x35,,EA,2.42,,
1112,JHH11546835,PART,คานเจปรับระดับ1154x68x35,,EA,2.65,,
1113,JHH4546835,PART,คานเจปรับระดับ454x68x35T3.0,,EA,1.1,,
1114,JHH5046835,PART,คานเจปรับระดับ504x68x35T3.0,,EA,1.17,,
1115,JHH5546835,PART,คานเจปรับระดับ554x68x35T3.0,,EA,1.28,,
1116,JHH6546835,PART,คานเจปรับระดับ654x68x35T3.0,,EA,1.51,,
1117,JHH7046835,PART,คานเจปรับระดับ704x68x35T3.0,,EA,1.7,,
1118,JHH7546835,PART,คานเจปรับระดับ754x68x35T3.0,,EA,1.72,,
1119,JHH8546835,PART,คานเจปรับระดับ854x68x35T3.0,,EA,2.08,,
1120,JHH9546835,PART,คานเจปรับระดับ954x68x35T3.0,,EA,2.2,,
1121,JJH65321054,PART,คานเจ 2รู 65x32x1054,,EA,0,,
1122,JJH65321154,PART,คานเจ 2รู 65x32x1154,,EA,0,,
1123,JJH65321254,PART,คานเจ 2รู 65x32x1254,,EA,0,,
1124,JJH6532304,PART,คานเจ2รู65X32X304,,EA,0.7,,
1125,JJH6532324,PART,คานเจ 2รู 65x32x324,,EA,0.75,,
1126,JJH6532330,PART,คานเจ 2รู 65x32x330,,EA,0.91,,
1127,JJH6532354,PART,คานเจ2รุ65x32x354,,EA,0.82,,
1128,JJH6532404,PART,คานเจ 2รู 65x32x404,,EA,0.96,,
1129,JJH6532430,PART,คานเจ 2รู 65x32x430,,EA,0,,
1130,JJH6532454,PART,คานเจ 2รู 65x32x454,,EA,1.02,,
1131,JJH6532479,PART,คานเจ 2รู 65x32X479   ,,EA,1.18,,
1132,JJH6532504,PART,คานเจ 2รู 65x32x504,,EA,1.19,,
1133,JJH6532554,PART,คานเจ 2รู 65x32x554,,EA,1.29,,
1134,JJH6532604,PART,คานเจ 2รู 65x32x604,,EA,1.45,,
1135,JJH6532629,PART,คานเจ2รุ65x32X629,,EA,1.51,,
1136,JJH6532654,PART,คานเจ 2รู 65x32x654,,EA,1.47,,
1137,JJH6532679,PART,คานเจ2รุ65x32X679,,EA,0,,
1138,JJH6532704,PART,คานเจ 2รู 65x32x704,,EA,1.63,,
1139,JJH6532754,PART,คานเจ2รู 65x32x754,,EA,1.79,,
1140,JJH65327554,PART,คานเจ 2รู 65x32x7554,,EA,0,,
1141,JJH6532804,PART,คานเจ 2รู 65x32x804,,EA,1.88,,
1142,JJH6532854,PART,คานเจ 2รู 65x32x854,,EA,2.01,,
1143,JJH6532904,PART,คานเจ 2รู 65x32x904,,EA,2.12,,
1144,JJH6532954,PART,คานเจ 2รู 65x32x954,,EA,2.34,,
1145,JJH6540100,PART,คานเจ 2รู 65x40x100,,EA,0.22,,
1146,JJH6540250,PART,คานเจ 2รู 65x40x250,,EA,0.62,,
1147,JJH6540300,PART,คานเจ2รู65x40x300,,EA,0.69,,
1148,JJH6540325,PART,คานเจ 2รู 65x40x325,,EA,0.75,,
1149,JJH6540350,PART,คานเจ 2รู 65x40x350,,EA,0.82,,
1150,JJH6540354,PART,คานเจ 2รู 65x40x354,,EA,0,,
1151,JJH6540679,PART,คานเจ 2รู 65x40x679,,EA,0,,
1152,JJJ45321004,PART,คานเจ45x32x1004,,EA,1.95,,
1153,JJJ4532204,PART,คานเจ45x32x204,,EA,0.4,,
1154,JJJ4532254,PART,คานเจ 45x32x254,,EA,0.42,,
1155,JJJ4532259,PART,คานเจ 45x32x259,,EA,0.48,,
1156,JJJ4532274,PART,คานเจ 45x32x274,,EA,0.55,,
1157,JJJ4532304,PART,คานเจ 45x32x304,,EA,0.59,,
1158,JJJ4532309,PART,คานเจ 45x32x309,,EA,0.62,,
1159,JJJ4532354,PART,คานเจ 45x32x354,,EA,0.71,,
1160,JJJ4532359,PART,คานเจ 45x32x359,,EA,0,,
1161,JJJ4532370,PART,คานเจ 45x32x370,,EA,0.56,,
1162,JJJ4532404,PART,คานเจ 45x32x404,,EA,0.76,,
1163,JJJ4532409,PART,คานเจ 45x32x409,,EA,0.86,,
1164,JJJ4532454,PART,คานเจ 45x32x454,,EA,0.87,,
1165,JJJ4532459,PART,คานเจ 45x32x459,,EA,0.86,,
1166,JJJ4532470,PART,คานเจ 45x32x470,,EA,0,,
1167,JJJ4532479,PART,คานเจ 45x32x479,,EA,0.91,,
1168,JJJ4532504,PART,คานเจ 45x32x504,,EA,0.89,,
1169,JJJ4532509,PART,คานเจ 45x32x509,,EA,1,,
1170,JJJ4532554,PART,คานเจ 45x32x554,,EA,0.96,,
1171,JJJ4532559,PART,คานเจ 45x32x559,,EA,0,,
1172,JJJ4532604,PART,คานเจ 45x32x604,,EA,1.01,,
1173,JJJ4532609,PART,คานเจ 45x32x609,,EA,0.93,,
1174,JJJ4532654,PART,คานเจ 45x32x654,,EA,1.13,,
1175,JJJ4532659,PART,คานเจ 45x32x659,,EA,1.17,,
1176,JJJ4532665,PART,คานเจ 45x32x665,,EA,1.14,,
1177,JJJ4532690,PART,คานเจ 45x32x690,,EA,1.2,,
1178,JJJ4532704,PART,คานเจ 45x32x704,,EA,1.22,,
1179,JJJ4532754,PART,คานเจ 45x32x754,,EA,1.25,,
1180,JJJ4532759,PART,คานเจ 45x32x759,,EA,1.27,,
1181,JJJ4532790,PART,คานเจ 45x32x790,,EA,1.4,,
1182,JJJ4532804,PART,คานเจ 45x32x804,,EA,1.48,,
1183,JJJ4532809,PART,คานเจ 45x32x809,,EA,1.4,,
1184,JJJ4532854,PART,คานเจ 45x32x854,,EA,1.52,,
1185,JJJ4532904,PART,คานเจ 45x32x904,,EA,1.64,,
1186,JJJ4532954,PART,คานเจ 45x32x954,,EA,1.68,,
1187,JJJ5032752,PART,คานเจ50x32x752,,EA,1.15,,
1188,JJJ5032852,PART,คานเจ50x32x852,,EA,1.36,,
1189,JJJ5032952,PART,คานเจ50x32x952,,EA,1.44,,
1190,JJJ7294532,PART,คานเจ 729X45X32T3,,EA,0,,
1191,JVB4545035,PART,คานเจยึดเสาใน454x50x35T3.0,,EA,0.89,,
1192,JVB5545035,PART,คานเจยึดเสาใน554x50x35T3.0,,EA,1.09,,
1193,JVB6545035,PART,คานเจยึดเสาใน654x50x35T3.0,,EA,0,,
1194,JVB7545035T2,PART,คานเจยึดเสาใน754x50x35T2.0,,EA,1.03,,
1195,JVB7545035T3,PART,คานเจยึดเสาใน754x50x35T3.0,,EA,1.45,,
1196,JVB9545035T2,PART,คานเจยึดเสาใน954x50x35T2.0,,EA,1.29,,
1197,JVB9545035T3,PART,คานเจยึดเสาใน954x50x35T3.0,,EA,1.86,,
1198,LDF1003000,PART,เฟรมแลดเดอร์ 100x3000,,EA,7,,
1199,LDF-90VO-VI,PART,เฟรมโคงขึ้น/โค้งลง,,EA,1.91,,
1200,LDP-SP200X90,PART,ข้อต่อตรง 200X90,,EA,0.41,,
1201,LDP-WO300,PART,ลูกขั้นแลดเดอร์ 300,,EA,0,,
1202,LDP-WO600,PART,ลูกขั้นแลดเดอร์ 600,,EA,,,
1203,LPP19045,PART,ฉากรับลูกถ้วย 190x45,,EA,0.24,,
1204,LPP29045,PART,ฉากรับลูกถ้วย 290x45x2.3,,EA,0.38,,
1205,LPP401763,PART,ฉากรับกุญ 40x1763,,EA,2.1,,
1206,LPP401788,PART,ฉากรับเพลท3mm 40x1788,,EA,2.05,,
1207,LPP401888,PART,ฉากรับเพลท3mm401888,,EA,2.4,,
1208,LPP401963,PART,ฉากรับกุญแจ 40x30x1963,,EA,2.53,,
1209,LPP401988,PART,ฉากรับเพลท 40x30x1988,,EA,2.26,,
1210,LPP40390,PART,ฉากรับเพลท 40x30x390,,EA,0.46,,
1211,LPP40790,PART,ฉากรับเพลท 40x30x790,,EA,0.85,,
1212,LPP5030,PART,ฉากรับฝาใน 50x30,,EA,0.03,,
1213,LPP7030,PART,ฉากรับเพลท70x30x3.0,,EA,0.09,,
1214,LPPT1.6,PART,ขายึดเทอโมสตัดT1.6,,EA,0.15,,
1215,MA395305,PART,ฉากมิเตอร์ 395x305,,EA,0,,
1216,MA495305,PART,ฉากมิเตอร์ 495x305,,EA,1.9,,
1217,MA595305,PART,ฉากมิเตอร์ 595x305,,EA,2.5,,
1218,MA695305,PART,ฉากมิเตอร์ 695x305,,EA,2.95,,
1219,MA795305,PART,ฉากมิเตอร์ 795x305,,EA,3.38,,
1220,MA895305,PART,ฉากมิเตอร์ 895x305,,EA,3.79,,
1221,MA995305,PART,ฉากมิเตอร์ 995x305,,EA,4.23,,
1222,MB395175,PART,ฉากกันตก 395x175,,EA,0,,
1223,MB495175,PART,ฉากกันตก 495x175,,EA,1.18,,
1224,MB595175,PART,ฉากกันตก 595x175,,EA,1.4,,
1225,MB595195,PART,ฉากกันตก 595x195,,EA,1.4,,
1226,MB695145,PART,ฉากกันตก 695x145,,EA,0,,
1227,MB695175,PART,ฉากกันตก 695x175,,EA,1.7,,
1228,MB695195,PART,ฉากกันตก 695x195,,EA,1.7,,
1229,MB795175,PART,ฉากกันตก 795x175,,EA,1.93,,
1230,MB795195,PART,ฉากกันตก 795x195,,EA,1.93,,
1231,MB895175,PART,ฉากกันตก 895x175,,EA,2.24,,
1232,MB995175,PART,ฉากกันตก 995x175,,EA,2.49,,
1233,MB995195,PART,ฉากกันตก 995x195,,EA,2.49,,
1234,PE220690,PART,แพลทยึดอุปกรณ์220x690,,EA,2.62,,
1235,PE220700,PART,แพลทยึดอุปกรณ์220x700,,EA,3.17,,
1236,PE270590,PART,แพลทยึดอุปกรณ์270x590,,EA,2.6,,
1237,PE270690,PART,แพลทยึดอุปกรณ์270x690,,EA,3,,
1238,PE295300,PART,แพลทยึดอุปกรณ์295x300,,EA,1.43,,
1239,PE345250,PART,แพลทยึดอุปกรณ์345x250,,EA,0,,
1240,PE345300,PART,แพลทยึดอุปกรณ์345x300,,EA,2.1,,
1241,PE345450,PART,แพลทยึดอุปกรณ์345x450,,EA,2.4,,
1242,PE345590,PART,แพลทยึดอุปกรณ์345x590,,EA,0,,
1243,PE345600,PART,แพลทยึดอุปกรณ์345x600,,EA,3,,
1244,PE345690,PART,แพลทยึดอุปกรณ์345x690,,EA,4.56,,
1245,PE495250,PART,แพลทยึดอุปกรณ์495x250,,EA,0,,
1246,PE595200,PART,แพลทยึดอุปกรณ์595x200,,EA,2,,
1247,PE595220,PART,แพลทยึดอุปกรณ์595x220,,EA,0,,
1248,PE595250,PART,แพลทยึดอุปกรณ์595x250,,EA,0,,
1249,PE595300,PART,แพลทยึดอุปกรณ์595x300,,EA,2.3,,
1250,PE595400,PART,แพลทยึดอุปกรณ์595x400,,EA,2.9,,
1251,PE595690,PART,แพลทยึดอุปกรณ์595x690,,EA,4.55,,
1252,PE695180,PART,แพลทยึดอุปกรณ์695x180,,EA,0,,
1253,PE695200,PART,แพลทยึดอุปกรณ์695x200,,EA,0,,
1254,PE695250,PART,แพลทยึดอุปกรณ์695x250,,EA,2.8,,
1255,PE695260,PART,แพลทยึดอุปกรณ์695x260,,EA,0,,
1256,PE695300,PART,แพลทยึดอุปกรณ์695x300,,EA,3.34,,
1257,PE695400,PART,แพลทยึดอุปกรณ์695x400,,EA,0,,
1258,PE695450,PART,แพลทยึดอุปกรณ์695x450,,EA,4.8,,
1259,PE695500,PART,แพลทยึดอุปกรณ์695x500,,EA,0,,
1260,PE695690,PART,แพลทยึดอุปกรณ์695x690,,EA,7.2,,
1261,PE7951985,PART,แพลทยึดอุปกรณ์795x1985,,EA,0,,
1262,PE795200,PART,แพลทยึดอุปกรณ์795x200,,EA,2.72,,
1263,PE795300,PART,แพลทยึดอุปกรณ์795x300,,EA,3.97,,
1264,PE795400,PART,แพลทยึดอุปกรณ์795x400,,EA,5.97,,
1265,PE895180,PART,แพลทยึดอุปกรณ์895x180,,EA,0,,
1266,PE895200,PART,แพลทยึดอุปกรณ์895x200,,EA,0,,
1267,PE895250,PART,แพลทยึดอุปกรณ์895x250,,EA,0,,
1268,PE9951975,PART,แพลทยึดอุปกรณ์995x1975,,EA,0,,
1269,PE995400,PART,แพลทยึดอุปกรณ์995x400,,EA,7.4,,
1270,PE995500,PART,แพลทยึดอุปกรณ์995x500,,EA,9.36,,
1271,PE995540,PART,แพลทยึดอุปกรณ์995x540,,EA,7.79,,
1272,PE995600,PART,แพลทยึดอุปกรณ์995x600,,EA,10.78,,
1273,PK178153,PART,กระเป๋าเอกสารรุ่น 178x153,,EA,0.03,,
1274,PK316224,PART,กระเป๋าเอกสารรุ่น 316x224,,EA,0.98,,
1275,PK31645,PART,กระเป๋าเอกสารรุ่น 316x45,,EA,1.1,,
1276,PVC2012202440,MAT ST,แผ่นPVC ใส4'x8'T2.0,KOBAL,แผ่น,,,
1277,PVC3012202440,MAT ST,แผ่น PVC ใส 4x8 T3.0,,แผ่น,,,
1278,PVC5012202440,MAT ST,แผ่นPVC ใส4'x8'T5.0,,แผ่น,,,
1279,RE-M102020408,MAT ST,พลาสติกสีแดง M102 4'x8' T2.0mm,,แผ่น,,,
1280,SAF50386000,MAT ST,อลูมิเนียมแบน2'x3/8,,แผ่น,,,
1281,SAL2012202440,MAT ST,แผ่นอลูมิเนียม 1100 ขนาด 4'x8'T2.0,,แผ่น,,,
1282,SAL3012202440,MAT ST,แผ่นอลูมิเนียม 1100 ขนาด 4'x8'T3.0,,แผ่น,,,
1283,SAL3012202440H32,MAT ST,แผ่นอลูมิเนียม AA5052 4'x8' T3.0mm,,แผ่น,,,
1284,SAL50300300,MAT ST,แผ่นอลูมิเนียม #5083 ขนาด 300x300 T5.0 ,,แผ่น,,,
1285,SAL50506000,MAT ST,"ฉากอลูมิเนียม #6063 ขนาด 2""x2""x3/16""",,M,,,
1286,SAL6012202440,MAT ST,แผ่นอลูมิเนียม 1100 ขนาด 4'x8'T6.0,,แผ่น,,,
1287,SAL6075756000,MAT ST,"ฉากอลูมิเนียม #6063 ขนาด 3""x3""x1/4""",,M,,,
1288,SAL635300300,MAT ST,แผ่นอลูมิเนียม #6061 ขนาด 300x300 T6.35,,แผ่น,,,
1289,SALR2012202440,MAT ST,แผ่นอลูมิเนียมตีนเป็ด 4'x8' T2.0,,แผ่น,,,
1290,SB0612202440,MAT ST,แผ่นตระแกรงระบาย 4x8รู 3มิลT0.6,ผลิตภัณตะแกรงเหล็ก,แผ่น,,,
1291,SCT1,MAT ST,สันตะแกรงเหล็ก ขนาด 60ซมx690ซม หนา 0.6,,แผ่น,,,
1292,SEG1012202215,MAT ST,เหล็กแผ่น EG 4'x2215 หนา 1.0 มิล,,แผ่น,,,
1293,SEG1012202440,MAT ST,เหล็กแผ่น EG 4x8 หนา 1.0 มิล,แผ่น,แผ่น,,,
1294,SEG1212202440,MAT ST,เหล็กแผ่น EG4'x8'T1.2,NSK,แผ่น,,,
1295,SEG1612202440,MAT ST,เหล็กแผ่น EG4'x8'T1.6,NSK,แผ่น,,,
1296,SEG1612203000,MAT ST,เหล็กแผ่น EG4'x3000T1.6,NSK,แผ่น,,,
1297,SEG2012202440,MAT ST,เหล็กแผ่น EG4'x8'T2.0,NSK,แผ่น,,,
1298,SEG2012203000,MAT ST,เหล็กแผ่น EG4'x3000T2.0,NSK,แผ่น,,,
1299,SEG2312202440,MAT ST,เหล็กแผ่น EG4'x8'T2.3,NSK,แผ่น,,,
1300,SEG2312203000,MAT ST,เหล็กแผ่น EG4'X3000 T2.3,NSK,แผ่น,,,
1301,SEG2612202440,MAT ST,เหล็กแผ่น EG4'x8'T2.6,,แผ่น,,,
1302,SEG3012202440,MAT ST,เหล็กแผ่น EG4'x8'T3.0,K.TANAWAT,แผ่น,,,
1303,SEG3012203000,MAT ST,เหล็กแผ่น EG4'x3000T3.0,K.TANAWAT,แผ่น,,,
1304,SERVICEHL,,ค่าขัดลาย สแตนเลสแผ่น 4'x8' T2.0 #316,,แผ่น,,,
1305,SF30406000,MAT ST,เหล็กแบน 1''1/2 หนา 3 มิล,,M,,,
1306,SF321506000,MAT ST,"เหล็กแบน 6"" หนา 3.2 มิล",,M,,,
1307,SF45406000,MAT ST,เหล็กแบน 1''1/2 หนา 4.5 มิล,,M,,,
1308,SF45506000,MAT ST,เหล็กแบน 2'' หนา 4.5 มิล,,M,,,
1309,SF50506000,MAT ST,"เหล็กแบน 2"" หนา 5 มิล",,M,,,
1310,SF601006000,MAT ST,เหล็กแบน 4'' หนา 6 มิล,,M,,,
1311,SF60506000,MAT ST,เหล็กแบน 2'' หนา 6 มิล,,M,,,
1312,SF60756000,MAT ST,เหล็กแบน 3'' หนา 6 มิล,,M,,,
1313,SF90406000,MAT ST,"เหล็กแบน 1""1/2 หนา 9.0 มิล",,M,,,
1314,SGI0512202440,MAT ST,แผ่นสังกะสี 4'x8' หนา 0.5 มิล,,แผ่น,,,
1315,SGI1212202440,MAT ST,แผ่นสังกะสี4'x8'T1.2,,แผ่น,,,
1316,SGI1512202440,MAT ST,แผ่นสังกะสี4'x8'T1.5,ASSAVA METAL,แผ่น,,,
1317,SGI2012202440,MAT ST,แผ่นสังกะสี4'x8'T2.0,ASSAVA METAL,แผ่น,,,
1318,SGI2512202440,MAT ST,แผ่นสังกะสี 4'x8' หนา 2.5 มิล,,แผ่น,,,
1319,SGI3012202440,MAT ST,แผ่นสังกะสี 4'x8'T3.0,ASSAVA METAL,แผ่น,,,
1320,SHB601001006000,MAT ST,เหล็กเอชบีม100x100x6x8,,M,,,
1321,SI1006000,MAT ST,เหล็กไอบีม100x6000,,M,,,
1322,SI702001006000,MAT ST,เหล็กไอบีม 200x100x7x10,,M,,,
1323,SI902001506000,MAT ST,เหล็กไอบีม 200x150x9x16,,M,,,
1324,SK07126000,MAT ST,เหล็กกล่อง 1/2 หนา0.7 มิล,,M,,,
1325,SK09126000,MAT ST,เหล็กกล่อง 1/2 หนา 0.9 มิล,,M,,,
1326,SK10126000,MAT ST,เหล็กกล่อง 1/2 หนา1.0 มิล,,M,,,
1327,SK10206000,MAT ST,"เหล็กกล่อง ขนาด 3/4""x3/4""หนา1.0มิล",,M,,,
1328,SK10226000,MAT ST,"ท่อเหลี่ยมเหล็กขาว ขนาด 7/8"" T1.0mm",,M,,,
1329,SK12126000,MAT ST,เหล็กกล่อง 1/2 หนา1.2 มิล,พรสตีล,M,,,
1330,SK12206000,MAT ST,เหล็กกล่อง 3/4 X 3/4หนา1.2 มิล,,M,,,
1331,SK12256000,MAT ST,เหล็กกล่อง 1'' หนา1.2มิล,,M,,,
1332,SK12306000,MAT ST,เหล็กกล่อง 1-1/4x1-1/4 หนา1.2มิล,,M,,,
1333,SK1250-256000,MAT ST,เหล็กกล่อง 2x1 หนา1.2 มิล,,M,,,
1334,SK12506000,MAT ST,"เหล็กกล่อง 2"" หนา 1.2 มิล",,M,,,
1335,SK1275406000,MAT ST,เหล็กกล่อง 3x11/2 หนา1.2 มิล,,M,,,
1336,SK135306000,MAT ST,เหล็กกล่อง 1-1/4'' หนา1.35มิล,,M,,,
1337,SK14306000,MAT ST,"เหล็กกล่อง 1-1/4"" หนา1.4มิล",,M,,,
1338,SK15256000,MAT ST,เหล็กกล่อง 1'' หนา1.5 มิล,,M,,,
1339,SK15406000,MAT ST,"เหล็กกล่อง 1-1/2"" หนา 1.5 มิล",,M,,,
1340,SK15756000,MAT ST,"เหล็กกล่อง 3""x3"" หนา1.5มิล",,M,,,
1341,SK16206000,MAT ST,"เหล็กกล่อง 3/4""x3/4"" หนา1.6มิล",,M,,,
1342,SK16256000,MAT ST,เหล็กกล่อง 1'' หนา1.6 มิล,พรสตีล,M,,,
1343,SK16406000,MAT ST,เหล็กกล่อง 1-1/2'' หนา1.6มิล,,M,,,
1344,SK1650-256000,MAT ST,เหล็กกล่อง 2x1 หนา1.6 มิล,,M,,,
1345,SK16506000,MAT ST,"เหล็กกล่อง 2"" หนา 1.6มิล",,M,,,
1346,SK18406000,MAT ST,เหล็กกล่อง 1-1/2'' หนา1.8มิล,,M,,,
1347,SK19506000,MAT ST,"เหล็กกล่อง 2"" หนา 1.9 มิล",,M,,,
1348,SK20256000,MAT ST,เหล็กกล่อง 1'' หนา2.0 มิล,,M,,,
1349,SK20306000,MAT ST,เหล็กกล่อง 11/4 หนา2 มิล,พรสตีล,M,,,
1350,SK20406000,MAT ST,เหล็กกล่อง 1'' 1/2 หนา2 มิล,,M,,,
1351,SK20506000,MAT ST,เหล็กกล่อง2''หนา2.0มิล, ,M,,,
1352,SK2075386000,MAT ST,"เหล็กกล่อง 3""x1.1/2"" 2.0มิล",,M,,,
1353,SK2075-506000,MAT ST,เหล็กกล่อง 3x2 หนา2.0 มิล,พรสตีล,M,,,
1354,SK20756000,MAT ST,"เหล็กกล่อง 3"" หนา 2.0 มิล",,M,,,
1355,SK23100506000,MAT ST,เหล็กกล่อง 4'x2' หนา2.3มิล,,M,,,
1356,SK231006000,MAT ST,เหล็กกล่อง 4'' หนา2.3 มิล,พรสตีล,M,,,
1357,SK23406000,MAT ST,"เหล็กกล่อง 1""1/2 หนา 2.3 มิล",,M,,,
1358,SK2350256000,MAT ST,เหล็กกล่อง 2x1 หนา 2.3 มิล,,M,,,
1359,SK23506000,MAT ST,เหล็กกล่อง 2'' หนา2.3 มิล,พรสตีล,M,,,
1360,SK2360306000,MAT ST,เหล็กกล่อง ขนาด 60x30หนา2.3มิล,,M,,,
1361,SK2375406000,MAT ST,"เหล็กกล่อง ขนาด 3""x1.1/2 หนา2.3มิล",,M,,,
1362,SK2375506000,MAT ST,เหล็กกล่อง 3x2' หนา 2.3มิล,,M,,,
1363,SK23756000,MAT ST,เหล็กกล่อง 3'' หนา 2.3 มิล,พรสตีล,M,,,
1364,SK25100-506000,MAT ST,เหล็กกล่อง 4x2 หนา 2.5 มิล,พรสตีล,M,,,
1365,SK2575-406000,MAT ST,เหล็กกล่อง 3x1-1/2 หนา2.5 มิล,พรสตีล,M,,,
1366,SK32100506000,MAT ST,เหล็กกล่อง 4x2 หนา3.2 มิล,,M,,,
1367,SK321006000,MAT ST,"เหล็กกล่อง 4"" หนา 3.2มิล",,M,,,
1368,SK321501506000,MAT ST,เหล็กกล่อง 6x6 หนา 3.2 มิล,,M,,,
1369,SK32150506000,MAT ST,เหล็กกล่อง 6x2 หนา 3.2 มิล,,M,,,
1370,SK32406000,MAT ST,"เหล็กกล่อง 1.1/2""x1.1/2"" 3.2มิล",,M,,,
1371,SK3250-256000,MAT ST,เหล็กกล่อง 2x1 หนา3.2 มิล,,M,,,
1372,SK32506000,MAT ST,เหล็กกล่อง2''หนา3.2มิล,,M,,,
1373,SK3275456000,MAT ST,เหล็กกล่อง 75x45 3.2มิล,,M,,,
1374,SK32756000,MAT ST,"เหล็กกล่อง 3""x3"" 3.2มิล",,M,,,
1375,SKGI12406000,MAT ST,"เหล็กกล่องชุบซิงค์ 1.1/2"" หนา1.2มิล",,M,,,
1376,SKGI14406000,MAT ST,"เหล็กกล่องชุบซิงค์ 1-1/2"" หนา1.4มิล",,M,,,
1377,SKGI15506000,MAT ST,เหล็กกล่องชุบซิงค์ 2'' หนา1.5มิล,,M,,,
1378,SKGI16406000,MAT ST,"เหล็กกล่องชุบซิงค์ 1.1/2"" หนา1.6มิล",,M,,,
1379,SL30256000,MAT ST,"เหล็กฉาก 1""หนา3มิล",K TANAWAT,M,,,
1380,SL30306000,MAT ST,เหล็กฉาก1''1/4 หนา3 มิล,,M,,,
1381,SL30406000,MAT ST,เหล็กฉาก 1''1/2 หนา3 มิล,K TANAWAT,M,,,
1382,SL30506000,MAT ST,เหล็กฉาก 2''หนา3 มิล,K TANAWAT,M,,,
1383,SL40406000,MAT ST,"เหล็กฉาก 1.1/2""x1.1/2"" T4.0mm",,M,,,
1384,SL40506000,MAT ST,เหล็กฉาก 2''หนา4 มิล,K TANAWAT,M,,,
1385,SL50406000,MAT ST,เหล็กฉาก 1''1/2 หนา5 มิล,K TANAWAT,M,,,
1386,SL50506000,MAT ST,เหล็กฉาก 2''หนา5 มิล,กงไกร สตีล,M,,,
1387,SL60756000,MAT ST,เหล็กฉาก 3''หนา6 มิล,K TANAWAT,M,,,
1388,SL701006000,MAT ST,เหล็กฉาก 4''หนา7 มิล,,M,,,
1389,SL80656000,MAT ST,"เหล็กฉาก2.1/2""x2.1/2"" T 8.0mm",,M,,,
1390,SL80756000,MAT ST,เหล็กฉาก 3''หนา8มิล,,M,,,
1391,SO08226000,MAT ST,"ท่อขาวเฟอร์นิเจอร์ ขนาด 7/8"" T 0.8mm",,M,,,
1392,SO12126000,MAT ST,เหล็กท่อกลม 1/2 หนา 1.2,,M,,,
1393,SO16206000,MAT ST,"ท่อเหล็กกลม 3/4"" หนา 1.6มิล",,M,,,
1394,SO201006000,MAT ST,เหล็กท่อกลม 4''หนา 2 มิล,,M,,,
1395,SO20126000,MAT ST,"เหล็กท่อกลม 1/2"" หนา 2.mm",,M,,,
1396,SO201506000,MAT ST,เหล็กท่อกลม 6'' หนา 2 มิล,,M,,,
1397,SO20256000,MAT ST,เหล็กท่อกลม 1'' หนา 2มิล,,M,,,
1398,SO20306000,MAT ST,เหล็กท่อกลม 1''1/4 หนา 2มิล,WANAWAT,M,,,
1399,SO20406000,MAT ST,เหล็กท่อกลม 1''1/2 หนา 2มิล,WANAWAT,M,,,
1400,SO20506000,MAT ST,เหล็กท่อกลม 2''หนา 2 มิล,,M,,,
1401,SO231006000,MAT ST,"เหล็กท่อกลม 4"" หนา 2.3มิล",,M,,,
1402,SO23206000,MAT ST,"เหล็กท่อกลม 3/4"" หนา 2.3 มิล",,M,,,
1403,SO23756000,MAT ST,"เหล็กท่อกลม 3"" หนา 2.3มิล",,M,,,
1404,SO28206000,MAT ST,เหล็กท่อกลม 3/4'' หนา 2.8 มิล,K TANAWAT,M,,,
1405,SO301006000,MAT ST,เหล็กท่อกลม 4'' หนา 3 มิล,,M,,,
1406,SO32506000,MAT ST,เหล็กท่อกลม 2''หนา 3.2มิล,,M,,,
1407,SO35406000,MAT ST,เหล็กท่อกลม 1''1/2 หนา 3.58มิล,,M,,,
1408,SO60756000,MAT ST,เหล็กท่อกลม 3'' หนา 6 มิล,,M,,,
1409,SO9010000,MAT ST,เหล็กท่อกลม 9.0mmx10M,,M,,,
1410,SOA28206000,MAT ST,"ท่อกลมสตีม(API) 3/4"" T 2.8mm",,M,,,
1411,SOA50656000,MAT ST,"ท่อกลมสตีม 2.1/2"" T 5.0mm",,M,,,
1412,SPC0812202440,MAT ST,เหล็กแผ่นขาว 4x8 หนา 0.8 มิล,,แผ่น,,,
1413,SPC1012202440,MAT ST,เหล็กแผ่นขาว 4'x8'T1.0,NSK,แผ่น,,,
1414,SPC1212201950,MAT ST,เหล็กแผ่นขาว 1220x1950 T1.2,NSK,แผ่น,,,
1415,SPC1212202440,MAT ST,เหล็กแผ่นขาว 4'x8' T1.2,NSK,แผ่น,,,
1416,SPC1512202440,MAT ST,เหล็กแผ่นขาว 4'x8' T1.5,,แผ่น,,,
1417,SPC1512203000,MAT ST,เหล็กแผ่นขาว 4'x3000' T1.5,,แผ่น,,,
1418,SPC1602902440,MAT ST,เหล็กแผ่นขาว 290x2440 T1.6,,แผ่น,,,
1419,SPC1602912440,MAT ST,เหล็กแผ่นขาว 291x2440 T1.6,,แผ่น,,,
1420,SPC1603902440,MAT ST,เหล็กแผ่นขาว 390x2440 T1.6,NSK,แผ่น,,,
1421,SPC1604902440,MAT ST,เหล็กแผ่นขาว 490x2440 T1.6,,แผ่น,,,
1422,SPC1604912440,MAT ST,เหล็กแผ่นขาว 491x2440 T1.6,,แผ่น,,,
1423,SPC1605902440,MAT ST,เหล็กแผ่นขาว 590x2440 T1.6,NSK,แผ่น,,,
1424,SPC1606292142,MAT ST,เหล็กแผ่นขาว 629x2142 T1.6,NSK,แผ่น,,,
1425,SPC1607291610,MAT ST,เหล็กแผ่นขาว 729x1610 T1.6,,แผ่น,,,
1426,SPC1607291942,MAT ST,เหล็กแผ่นขาว 729x1942 T1.6,NSK,แผ่น,,,
1427,SPC1607292142,MAT ST,เหล็กแผ่นขาว 729x2142 T1.6,NSK,แผ่น,,,
1428,SPC1608291360,MAT ST,เหล็กแผ่นขาว 829x1360 T1.6,,แผ่น,,,
1429,SPC1608291818,MAT ST,เหล็กแผ่นขาว 829x1818 T1.6,,แผ่น,,,
1430,SPC1608291942,MAT ST,เหล็กแผ่นขาว 829x1942 T1.6,,แผ่น,,,
1431,SPC1608292142,MAT ST,เหล็กแผ่นขาว 829x2142 T1.6,,แผ่น,,,
1432,SPC1609291220,MAT ST,เหล็กแผ่นขาว 929x1220 T1.6,NSK,แผ่น,,,
1433,SPC1609292142,MAT ST,เหล็กแผ่นขาว 929x2142 T1.6,NSK,แผ่น,,,
1434,SPC160SCAP,MAT ST,เหล็กแผ่นขาว T1.6 (เศษ),,KG,,,
1435,SPC1612201942,MAT ST,เหล็กแผ่นขาว 1220x1942 T1.6,,แผ่น,,,
1436,SPC1612202142,MAT ST,เหล็กแผ่นขาว 1220x2142 T1.6,NSK,แผ่น,,,
1437,SPC1612202440,MAT ST,เหล็กแผ่นขาว 4'x8' T1.6,NSK,แผ่น,,,
1438,SPC1612203000,MAT ST,เหล็กแผ่นขาว 4'X3000 T1.6,NSK,แผ่น,,,
1439,SPC2012202440,MAT ST,เหล็กแผ่นขาว 4'x8' T2.0,NSK,แผ่น,,,
1440,SPC2012203000,MAT ST,เหล็กแผ่นขาว 4''X3000 T2.0,NSK,แผ่น,,,
1441,SPC2312202440,MAT ST,เหล็กแผ่นขาว 4'x8' T2.3,NSK,แผ่น,,,
1442,SPC2612202440,MAT ST,เหล็กแผ่นขาว 4'x8' T2.6,NSK,แผ่น,,,
1443,SPC3012202440,MAT ST,เหล็กแผ่นขาว 4'x8' T3.0,NSK,แผ่น,,,
1444,SPC3012203000,MAT ST,เหล็กแผ่นขาว 4''x3000 T3.0,NSK,แผ่น,,,
1445,SPC3212202440,MAT ST,เหล็กแผ่นขาว 4'x8' T3.2,pn,แผ่น,,,
1446,SPC-SILICON,MAT ST,เหล็กแผ่น ซิลิคอน 1200x2440 T0.5mm,,แผ่น,,,
1447,SPH1612202440,MAT ST,เหล็กแผ่นดำ 4'x8' T1.6,,แผ่น,,,
1448,SPH1612203000,MAT ST,เหล็กแผ่นดำ 4''x3000 T1.6,,แผ่น,,,
1449,SPH2012202440,MAT ST,เหล็กแผ่นดำ 4'x8' T2.0,,แผ่น,,,
1450,SPH2012203000,MAT ST,เหล็กแผ่นดำ 4'x3000 T2.0,,แผ่น,,,
1451,SPH2015253050,MAT ST,เหล็กแผ่นดำ 5'x10'T2.0,K.TANAWAT,แผ่น,,,
1452,SPH2315253050,MAT ST,เหล็กแผ่นดำ 5'x10' T2.3,,แผ่น,,,
1453,SPH3012202440,MAT ST,เหล็กแผ่นดำ 4'x8' T3.0,กงไกร สตีล,แผ่น,,,
1454,SPH3015253050,MAT ST,เหล็กแผ่นดำ 5'x10' T3.0,K.TANAWAT,แผ่น,,,
1455,SPH4512202440,MAT ST,เหล็กแผ่นดำ 4'x8' T4.5,,แผ่น,,,
1456,SPH4515253050,MAT ST,เหล็กแผ่นดำ 5'x10' T4.5,,แผ่น,,,
1457,SPH5012202440,MAT ST,เหล็กแผ่นดำ 4'x8' T5.0,,แผ่น,,,
1458,SPH6012202440,MAT ST,เหล็กแผ่นดำ 4'x8' T6.0,K.TANAWAT,แผ่น,,,
1459,SPH9012202440,MAT ST,เหล็กแผ่นดำ 4'x8' T9.0,K.TANAWAT,แผ่น,,,
1460,SPHCK2012202440,MAT ST,เหล็กแผ่นลาย 4'x8' T2.0mm ,,แผ่น,,,
1461,SPHCK3012202440,MAT ST,เหล็กแผ่นลาย 4'x8' หนา 3 มิล,,แผ่น,,,
1462,SPHCK6012202440,MAT ST,เหล็กแผ่นลาย 4'x8' หนา 6 มิล,,แผ่น,,,
1463,SPHX7751605,MAT ST,"ตะแกรง  2"" #10 ขนาด 775x1605mm 4แผ่น",,ตร.ม,,,
1464,SPHXS03751100,MAT ST,ตะแกรง 1-1/2 #10 ขนาด 0.375x1.100 -6แผ่น,ASIA,แผ่น,,,
1465,SPHXS041018,MAT ST,ตะแกรง 1-1/2 #10 ขนาด 0.400x1.018 -6แผ่น,ASIA,แผ่น,,,
1466,SPHXS0850900,MAT ST,ตะแกรง 1-1/2 #10 ขนาด 0.850x0.900 -6แผ่น,ASIA,แผ่น,,,
1467,SPHXS0851100,MAT ST,ตะแกรง 1-1/2 #10 ขนาด 0.850x1.100 -6แผ่น,ASIA,แผ่น,,,
1468,SPHXS0921120,MAT ST,ตะแกรง 1-1/2 #10 ขนาด 0.920x1.120 -6แผ่น,,แผ่น,,,
1469,SPHXS2312202440,MAT ST,ตะแกรงเห็ลกฉีก 4X8 T2.3,,แผ่น,,,
1470,SPHXS3312202440,MAT ST,ตะแกรงเหล็กฉีก XS-33 ขนาด 4'x8' T2.3,,แผ่น,,,
1471,SPHXS4212202440,MAT ST,ตะแกรงเหล็กฉีก 4'x8' XS-42,,แผ่น,,,
1472,SQ406000,MAT ST,"เพลาเหล็กสี่เหลี่ยม 1""1/2x1""1/2",,M,,,
1473,SR1506000,MAT ST,เหล็กเพลากลม 15 มิล,,M,,,
1474,SR206000,MAT ST,เพลาขาว 20 มิล 6M,,EA,,,
1475,SR324000,MAT ST,เพลากลม 3.2MM,,M,,,
1476,SR504000,MAT ST,เหล็กเพลากลม 5มิล,,M,,,
1477,SR604000,MAT ST,เหล็กเพลากลม 6 มิล ,,M,,,
1478,SR704000,MAT ST,เหล็กเพลากลม 7มิล,พรสตีล,M,,,
1479,SR804000,MAT ST,เหล็กเพลากลม 8มิล * 4 เมตร,พรสตีล,M,,,
1480,SR906000,MAT ST,เหล็กเพลากลม9มิล,,M,,,
1481,SRB20x25,MAT ST,เหล็กตะแกรงไวร์เมช 20cmx20cmx5.6mmx2.0Mx25M,,M,,,
1482,SU26000,MAT ST,เหล็กรางน้ำ U' 2,,M,,,
1483,SU36000,MAT ST,เหล็กรางน้ำ U' 3,,M,,,
1484,SU46000,MAT ST,เหล็กรางน้ำ U' 4,,M,,,
1485,SU56000,MAT ST,เหล็กรางน้ำ U' 5,,M,,,
1486,SU66000,MAT ST,เหล็กรางน้ำ U' 6,,M,,,
1487,SU86000,MAT ST,เหล็กรางน้ำ U' 8,,M,,,
1488,SUS0307582440,MAT ST,สแตนเลส758x2440T3.0 เศษ,,แผ่น,,,
1489,SUS0512202440,MAT ST,สแตนเลสแผ่น 4'x8' T0.5,,แผ่น,,,
1490,SUS0812202440,MAT ST,สแตนเลสแผ่น 4'x8' T0.8,,แผ่น,,,
1491,SUS0812202440#430,MAT ST,สแตนเลสแผ่น 4'x8' T0.8 #430,,แผ่น,,,
1492,SUS1012202440,MAT ST,สแตนเลสแผ่น 4'x8' T10,,แผ่น,,,
1493,SUS1212202440,MAT ST,สแตนเลสแผ่น 4'x8' T1.2,,แผ่น,,,
1494,SUS1512202440,MAT ST,สแตนเลสแผ่น 4'x8' T1.5,,แผ่น,,,
1495,SUS2012202440,MAT ST,สแตนเลสแผ่น 4'x8' T2.0,,แผ่น,,,
1496,SUS2512202440,MAT ST,สแตนเลสแผ่น 4'x8' T2.5,,แผ่น,,,
1497,SUS3012202440,MAT ST,สแตนเลสแผ่น 4'x8' T3.0,,แผ่น,,,
1498,SUS3015253050,MAT GL,สแตนเลสแผ่น 5x10 T3.0,,แผ่น,,,
1499,SUS304HL2012202440,MAT ST,สแตนเลสแผ่น 304L/HL 4'x8' T2.0mm,,แผ่น,,,
1500,SUS3162012202440,MAT GL,สแตนเลสแผ่น 316L/2B 4'x8' T2.0mm,,แผ่น,,,
1501,SUS5012202440,MAT ST,สแตนเลสแผ่น 4'x8' T5.0,,แผ่น,,,
1502,SUS806000,MAT ST,สแตนเลสกลม 304 8mm,,M,,,
1503,SUS9012202440,MAT ST,สแตนเลสแผ่น 304  4'x8' T9.0mm ,,แผ่น,,,
1504,SUSB0712202440,MAT ST,แผ่นตะแกรงสแตนเลส 4'x8' T0.7mm รู 3mm.,,แผ่น,,,
1505,SUSB1512202440,MAT ST,แผ่นตะแกรงสแตนเลส 4'x8' T1.5mm รู 3mm,,แผ่น,,,
1506,SUSF30126000,MAT ST,สแตนเลสแบน 1''1/2 หนา3.0,,M,,,
1507,SUSF3026000,MAT ST,สแตนเลสแบน 2'' หนา3.0,,M,,,
1508,SUSF3036000,MAT ST,สแตนเลสแบน 3'' หนา3.0,,M,,,
1509,SUSF3046000,MAT ST,สแตนเลสแบน 4'' หนา3.0,,M,,,
1510,SUSF30506000,MAT ST,"สแตนเลสแบน 2""x1/8""x6M",,M,,,
1511,SUSF451126000,MAT ST,สแตนเลสแบน 1''1/2 หนา4.5,,M,,,
1512,SUSF4526000,MAT ST,สแตนเลสแบน 2'' หนา4.5,,M,,,
1513,SUSF4536000,MAT ST,สแตนเลสแบน 3'' หนา4.5,,M,,,
1514,SUSF5026000,MAT ST,สแตนเลสแบน 2'' หนา5.0,,M,,,
1515,SUSF50506000,MAT ST,"สแตนเลสแบน 2""x3/16x6M",,M,,,
1516,SUSF601006000,MAT ST,"สแตนเลสแบน 4""x6mm",,M,,,
1517,SUSHL1512202440,MAT ST,สแตนเลสแผ่น 304/HAIR LINE 1220x2440 T1.5mm,,แผ่น,,,
1518,SUSHL2012202440,MAT ST,"สแตนเลสแผ่น 316L/HL 4""x8"" T2.0mm",,แผ่น,,,
1519,SUSK1012126000,MAT ST,"กล่องสแตนเลส 1/2""x1/2"" T1.0",,M,,,
1520,SUSK12506000,MAT ST,"กล่องสแตนเลส 2""x2""x1.2mm",,M.,,,
1521,SUSK15025506000,MAT ST,"กล่องสแตนเลส 1""x2"" T1.5",,M,,,
1522,SUSK15256000,MAT ST,"กล่องสแตนเลส 1""x1""x1.5mm",,M,,,
1523,SUSK15506000,MAT ST,"กล่องสแตนเลส 2""x2""x1.5mm",,M,,,
1524,SUSK20506000,MAT ST,"กล่องสแตนเลส 2""x2.0mm ",,M,,,
1525,SUSK20756000,MAT ST,กล่องสแตนเลส 3'' หนา2.0,,M,,,
1526,SUSK301006000,MAT ST,"กล่องสแตนเลส 4""x4""x3.0mm",,M,,,
1527,SUSK30506000,MAT ST,"กล่องสแตนเลส 2""x2""x3.0mm",,M,,,
1528,SUSK30806000,MAT ST,กล่องสแตนเลส 80x80 T3.0mm,,M,,,
1529,SUSL20,MAT ST,"ข้องอสแตนเลส 3/4"" #40",,EA,,,
1530,SUSL30306000,MAT ST,"ฉากสแตนเลส 1.1/4""x1.1/4"" T 1.6mm",,M,,,
1531,SUSL30406000,MAT ST,ฉากสแตนเลส 1''1/2 หนา3.0,,M,,,
1532,SUSL30506000,MAT ST,ฉากสแตนเลส 2'' หนา3.0,,M,,,
1533,SUSL45506000,MAT ST,ฉากสแตนเลส 2'' หนา4.5,,M,,,
1534,SUSL50406000,MAT ST,ฉากสแตนเลส 1''1/2 หนา5.0,,M,,,
1535,SUSL50506000,MAT ST,ฉากสแตนเลส 2' หนา5.0,,M,,,
1536,SUSL60506000,MAT ST,ฉากสแตนเลส 2'' หนา6.0,,M,,,
1537,SUSL60656000,MAT ST,"ฉากสแตนเลส 2.1/2""x2.1/2""x1/4""x6M",,M,,,
1538,SUSL90756000,MAT ST,"ฉากสแตนเลส 3""x3""x3/8"" x6M",,M,,,
1540,SUSM1012202440,MAT ST,"สแตนเลสแผ่น 304/ฯ.8 4""x8"" T 1.0mm (แบบเงากระจก)",,แผ่น,,,
1541,SUSNB206000,MAT ST,"ท่อสแตนเลส NB #40 3/4""x2.87mm",,M,,,
1542,SUSO10166000,MAT ST,ท่อสแตนเลส 5/8 หนา 1.0,,M,,,
1543,SUSO10206000,MAT ST,ท่อสแตนเลส 3/4 หนา 1.0,,M,,,
1544,SUSO10226000,MAT ST,"ท่อสแตนเลสกลม 7/8"" T1.0mm",,M,,,
1545,SUSO12256000,MAT ST,ท่อสแตนเลส 1'' หนา1.2,,M,,,
1546,SUSO12356000,MAT ST,"ท่อสแตนเลสกลม 1-1/4""x1.2mm ",,M,,,
1547,SUSO12406000,MAT ST,ท่อสแตนเลส 1''1/2 หนา1.2,,M,,,
1548,SUSO12506000,MAT ST,"ท่อสแตนเลส 2"" หนา1.2",,M,,,
1549,SUSO15506000,MAT ST,ท่อสแตนเลส 2'' หนา1.5,,M,,,
1550,SUSO20306000,MAT ST,ท่อสแตนเลส 1.1/4 x2.0mm,,M,,,
1551,SUSO20406000,MAT ST,"ท่อสแตนเลสกลม 1.1/2""x2.0mm",,M,,,
1552,SUSO301006000,MAT ST,ท่อสแตนเลส 4'' หนา3.0,,M,,,
1553,SUSO30256000,MAT ST,ท่อสแตนเลส 1''x3.0mm,,M,,,
1554,SUSO30406000,MAT ST,ท่อสแตนเลส 1.1/2x3.0mm,,M,,,
1555,SUSO30506000,MAT ST,ท่อสแตนเลส 2''x3.0mm,,M,,,
1556,SUSO39506000,MAT ST,ท่อสแตนเลส 2'' หนา3.9,,M,,,
1557,SUSR126000,MAT ST,เพลาสแตนเลส 12 มิล,,M,,,
1558,SUSR16166000,MAT ST,เพลาสแตนตัน 5/8,,M,,,
1559,SUSR166000,MAT ST,เพลาสแตนเลส 5/8 หนา 16 มิล,,M,,,
1560,SUSR206000,MAT ST,เพลาสแตนเลส 20 มิล  ,,M,,,
1561,SUSR406000,MAT ST,เพลาสแตนเลส 40 มิล ,,M,,,
1562,SUSR506000,MAT ST,เพลาสแตนเลส 5 มิล,,M,,,
1563,SUSR606000,MAT ST,เพลาสแตนเลส 6 มิล,,M,,,
1564,SUSR806000,MAT ST,เพลาสแตนเลส DI 8 mm x 6 M.,,M,,,
1565,SUSU46000,MAT ST,รางสแตนเลส 100x50x5.0mmx6M รีด,,M,,,
1566,SWF50100506000,MAT ST,เหล็กไวด์แฟรงค์ 100x50x5x7,,M,,,
1567,TABLE-HDG,MAT GL,โต๊ะ ขนาด 350x445 ชุบHOTDIP,,EA,,,
1568,TER150X197/4,PART,ขายึดเทอมีนอล150X197 4รู,,EA,0.5,,
1569,TR3012202440,MAT ST,แผ่นโพลิคาร์บอเนต 4'x8' T3.0,,แผ่น,,,
1570,TR4012202440,MAT ST,แผ่นโพลีคาร์บอเนต 4'x8' T4.0,,แผ่น,,,
1571,Z601095,PART,ตัวแซดยึดแผ่นพื้น 60x1095,,EA,1.12,,
1572,Z601195,PART,ตัวแซดยึดแผ่นพื้น 60x1195,,EA,1.47,,
1573,Z60395,PART,ตัวแซดยึดแผ่นพื้น 60x395,,EA,0.36,,
1574,Z60495,PART,ตัวแซดยึดแผ่นพื้น 60x495,,EA,0.5,,
1575,Z60595,PART,ตัวแซดยึดแผ่นพื้น 60x595,,EA,0.54,,
1576,Z60695,PART,ตัวแซดยึดแผ่นพื้น 60x695,,EA,0.7,,
1577,Z60795,PART,ตัวแซดยึดแผ่นพื้น 60x795,,EA,0.83,,
1578,Z60895,PART,ตัวแซดยึดแผ่นพื้น 60x895,,EA,0.92,,
1579,Z60995,PART,ตัวแซดยึดแผ่นพื้น 60x995,,EA,1,,
1580,ค่าแก้มุม,,ค่าแก้มุม 11 แผ่น,,LOT,,,
1581,GL50362x592,MAT GL,กระจกใส 362x592 T5.0,,EA,,,
1582,GL50262x317,MAT GL,กระจกใส 262x317 T5.0,,EA,,,
1583,GL50262x662,MAT GL,กระจกใส 262x662 T5.0,,EA,,,
1584,GL50312x1112,MAT GL,กระจกใส 312x1112 T5.0,,EA,,,
1585,GL50412x412,MAT GL,กระจกใส 412x412 T5.0,,EA,,,
1586,FC6845470,PART,คานต่อโครง 68x45x3mm470,,EA,,,
1587,FC6845570,PART,คานต่อโครง 68x45x3mm570,,EA,,,
1588,FC6845650,PART,คานต่อโครง 68x45x3mm650,,EA,,,
1589,FCC6845650/4,PART,คานต่อโครง 4รู68x45x3mm650,,EA,,,
1590,GL50532x1012,MAT GL,กระจกใส 532X1012 T5.0,,แผ่น,,,
1591,GL50452x767,MAT GL,กระจกใส 452X767 T5.0,,แผ่น,,,
1592,GL50292x537,MAT GL,กระจกใส 292X537 T5.0,,แผ่น,,,
1593,GL30142x212,MAT GL,กระจกใส 142X212 T3.0,,แผ่น,,,
1594,GL30152x537,MAT GL,กระจกใส 152x537 T3.0,,แผ่น,,,
1595,GL30182x207,MAT GL,กระจกใส 182x207 T3.0,,แผ่น,,,
1596,GL50502x932,MAT GL,กระจกใส 502x932 T5.0,,แผ่น,,,
1597,GL50462x792,MAT GL,กระจกใส 462x792 T5.0,,แผ่น,,,
1598,SPH3215253050,MAT ST,เหล็กแผ่นดำ 5'x10' T3.2,,แผ่น,,,
1599,API28206000,MAT ST,"ท่อ API #40 ชุบกัลวาไนซ์  3/4"" T 2.8mm",,M,,,
1600,HDJ650085,,ค่าชุบ HOTDIP J650085 17.3 kg ,,LOT,,,
1601,GL50662x732,MAT GL,กระจกใส 662x732 T5.0,,แผ่น,,,
1602,GL50312x592,MAT GL,กระจกใส 312x592 T5.0,,แผ่น,,,
1603,GL50620x825,MAT GL,กระจกใส 620x825 T5.0,,แผ่น,,,
1604,GLN60192x472,MAT GL,กระจกลวด 192x472 T6.0,,แผ่น,,,
1605,GLN60306x346,MAT GL,กระจกลวด 306x346 T6.0,,แผ่น,,,
1606,SR126000,MAT ST,เหล็กเพลากลม 12มิล * 6 เมตร,,M,,,
1607,GL30462x662,MAT GL,กระจกใส 462x662 T3.0,,แผ่น,,,
1608,GL50392x702,MAT GL,กระจกใส 462x662 T5.0,,แผ่น,,,
1609,GL50492x637,MAT GL,กระจกใส 492x637 T5.0,,แผ่น,,,
1610,SO28256000,MAT GL,เหล็กท่อกลม 1'' หนา 2.8มิล x6m,,M,,,
1611,FCB6845820,PART,คานต่อโครงรับลูกถ้วย 820x68x45,,EA,,,
1612,GL50462x872,MAT GL,กระจกใส 462x872 T5.0,,แผ่น,,,
,GL30412x862,MAT GL,กระจกใส 412x862 T3.0,,แผ่น,,,
,GL50292x579,MAT GL,กระจกใส 292x579 T5.0,,แผ่น,,,
,GL50212x612,MAT GL,กระจกใส 212x612 T5.0,,แผ่น,,,
,GL50312x387,MAT GL,กระจกใส 312x387 T5.0,,แผ่น,,,
,GL50402x568,MAT GL,กระจกใส 402x568 T5.0,,แผ่น,,,
,,MAT GL,,,,,,